gameId,teamAbbrev,firstName,lastName,period,startTime,endTime,shiftNumber,eventDescription,eventDetails,typeCode,teamId,hexValue,detailCode,playerId,teamName,id,teamAbbrev,eventNumber,duration
2011020389,OTT,Sergei,Gonchar,1,00:37,01:39,1,,,517,9,#CE1126,0,8458951,Ottawa Senators,1339262,OTT,,01:02
2011020389,OTT,Sergei,Gonchar,1,02:41,04:10,2,,,517,9,#CE1126,0,8458951,Ottawa Senators,1339263,OTT,,01:29
2011020389,OTT,Sergei,Gonchar,1,05:31,06:32,3,,,517,9,#CE1126,0,8458951,Ottawa Senators,1339264,OTT,,01:01
2011020389,OTT,Sergei,Gonchar,1,08:16,10:09,4,,,517,9,#CE1126,0,8458951,Ottawa Senators,1339265,OTT,,01:53
2011020389,OTT,Sergei,Gonchar,1,10:31,10:36,5,,,517,9,#CE1126,0,8458951,Ottawa Senators,1339266,OTT,,00:05
2011020389,OTT,Sergei,Gonchar,1,11:59,13:58,6,,,517,9,#CE1126,0,8458951,Ottawa Senators,1339267,OTT,,01:59
2011020389,OTT,Sergei,Gonchar,1,14:47,15:56,7,,,517,9,#CE1126,0,8458951,Ottawa Senators,1339268,OTT,,01:09
2011020389,OTT,Sergei,Gonchar,1,17:02,18:06,8,,,517,9,#CE1126,0,8458951,Ottawa Senators,1339269,OTT,,01:04
2011020389,OTT,Sergei,Gonchar,1,19:24,20:00,9,,,517,9,#CE1126,0,8458951,Ottawa Senators,1339270,OTT,,00:36
2011020389,OTT,Sergei,Gonchar,2,00:00,00:23,10,,,517,9,#CE1126,0,8458951,Ottawa Senators,1339271,OTT,,00:23
2011020389,OTT,Sergei,Gonchar,2,00:58,01:25,11,,,517,9,#CE1126,0,8458951,Ottawa Senators,1339272,OTT,,00:27
2011020389,OTT,Sergei,Gonchar,2,03:25,03:43,12,,,517,9,#CE1126,0,8458951,Ottawa Senators,1339273,OTT,,00:18
2011020389,OTT,Sergei,Gonchar,2,04:31,05:30,13,,,517,9,#CE1126,0,8458951,Ottawa Senators,1339274,OTT,,00:59
2011020389,OTT,Sergei,Gonchar,2,06:42,07:30,14,,,517,9,#CE1126,0,8458951,Ottawa Senators,1339275,OTT,,00:48
2011020389,OTT,Sergei,Gonchar,2,09:07,09:45,15,,,517,9,#CE1126,0,8458951,Ottawa Senators,1339276,OTT,,00:38
2011020389,OTT,Sergei,Gonchar,2,10:51,11:34,16,,,517,9,#CE1126,0,8458951,Ottawa Senators,1339277,OTT,,00:43
2011020389,OTT,Sergei,Gonchar,2,13:09,13:43,17,,,517,9,#CE1126,0,8458951,Ottawa Senators,1339278,OTT,,00:34
2011020389,OTT,Sergei,Gonchar,2,14:05,15:50,18,,,517,9,#CE1126,0,8458951,Ottawa Senators,1339279,OTT,,01:45
2011020389,OTT,Sergei,Gonchar,2,16:46,17:48,19,,,517,9,#CE1126,0,8458951,Ottawa Senators,1339280,OTT,,01:02
2011020389,OTT,Sergei,Gonchar,3,00:52,01:26,20,,,517,9,#CE1126,0,8458951,Ottawa Senators,1339281,OTT,,00:34
2011020389,OTT,Sergei,Gonchar,3,02:26,03:35,21,,,517,9,#CE1126,0,8458951,Ottawa Senators,1339282,OTT,,01:09
2011020389,OTT,Sergei,Gonchar,3,05:34,05:52,22,,,517,9,#CE1126,0,8458951,Ottawa Senators,1339283,OTT,,00:18
2011020389,OTT,Sergei,Gonchar,3,07:05,07:58,23,,,517,9,#CE1126,0,8458951,Ottawa Senators,1339284,OTT,,00:53
2011020389,OTT,Sergei,Gonchar,3,08:31,08:58,24,,,517,9,#CE1126,0,8458951,Ottawa Senators,1339285,OTT,,00:27
2011020389,OTT,Sergei,Gonchar,3,10:30,11:41,25,,,517,9,#CE1126,0,8458951,Ottawa Senators,1339286,OTT,,01:11
2011020389,OTT,Sergei,Gonchar,3,13:35,14:19,26,,,517,9,#CE1126,0,8458951,Ottawa Senators,1339287,OTT,,00:44
2011020389,OTT,Sergei,Gonchar,3,15:33,16:19,27,,,517,9,#CE1126,0,8458951,Ottawa Senators,1339288,OTT,,00:46
2011020389,OTT,Sergei,Gonchar,3,17:16,19:24,28,,,517,9,#CE1126,0,8458951,Ottawa Senators,1339289,OTT,,02:08
2011020389,OTT,Daniel,Alfredsson,1,01:32,02:20,1,,,517,9,#CE1126,0,8460621,Ottawa Senators,1339290,OTT,,00:48
2011020389,OTT,Daniel,Alfredsson,1,03:52,04:50,2,,,517,9,#CE1126,0,8460621,Ottawa Senators,1339291,OTT,,00:58
2011020389,OTT,Daniel,Alfredsson,1,06:32,07:38,3,,,517,9,#CE1126,0,8460621,Ottawa Senators,1339292,OTT,,01:06
2011020389,OTT,Daniel,Alfredsson,1,10:31,12:06,4,,,517,9,#CE1126,0,8460621,Ottawa Senators,1339293,OTT,,01:35
2011020389,OTT,Daniel,Alfredsson,1,17:44,18:44,5,,,517,9,#CE1126,0,8460621,Ottawa Senators,1339294,OTT,,01:00
2011020389,OTT,Daniel,Alfredsson,2,00:00,00:23,6,,,517,9,#CE1126,0,8460621,Ottawa Senators,1339295,OTT,,00:23
2011020389,OTT,Daniel,Alfredsson,2,04:54,05:38,7,,,517,9,#CE1126,0,8460621,Ottawa Senators,1339296,OTT,,00:44
2011020389,OTT,Daniel,Alfredsson,2,08:32,09:07,8,,,517,9,#CE1126,0,8460621,Ottawa Senators,1339297,OTT,,00:35
2011020389,OTT,Daniel,Alfredsson,2,09:45,09:51,9,,,517,9,#CE1126,0,8460621,Ottawa Senators,1339298,OTT,,00:06
2011020389,OTT,Daniel,Alfredsson,2,11:34,12:19,10,,,517,9,#CE1126,0,8460621,Ottawa Senators,1339299,OTT,,00:45
2011020389,OTT,Daniel,Alfredsson,2,13:09,13:43,11,,,517,9,#CE1126,0,8460621,Ottawa Senators,1339300,OTT,,00:34
2011020389,OTT,Daniel,Alfredsson,2,14:05,15:04,12,,,517,9,#CE1126,0,8460621,Ottawa Senators,1339301,OTT,,00:59
2011020389,OTT,Daniel,Alfredsson,2,18:15,19:07,13,,,517,9,#CE1126,0,8460621,Ottawa Senators,1339302,OTT,,00:52
2011020389,OTT,Daniel,Alfredsson,3,08:58,08:58,0,EVG,"Jason Spezza, Craig Anderson",505,9,#CE1126,801,8460621,Ottawa Senators,5252059,OTT,569,
2011020389,OTT,Daniel,Alfredsson,3,01:26,02:21,14,,,517,9,#CE1126,0,8460621,Ottawa Senators,1339303,OTT,,00:55
2011020389,OTT,Daniel,Alfredsson,3,04:06,04:48,15,,,517,9,#CE1126,0,8460621,Ottawa Senators,1339304,OTT,,00:42
2011020389,OTT,Daniel,Alfredsson,3,08:14,08:58,16,,,517,9,#CE1126,0,8460621,Ottawa Senators,1339305,OTT,,00:44
2011020389,OTT,Daniel,Alfredsson,3,10:33,11:41,17,,,517,9,#CE1126,0,8460621,Ottawa Senators,1339306,OTT,,01:08
2011020389,OTT,Daniel,Alfredsson,3,15:18,15:33,18,,,517,9,#CE1126,0,8460621,Ottawa Senators,1339307,OTT,,00:15
2011020389,OTT,Daniel,Alfredsson,3,16:54,17:47,19,,,517,9,#CE1126,0,8460621,Ottawa Senators,1339308,OTT,,00:53
2011020389,OTT,Daniel,Alfredsson,3,19:24,20:00,20,,,517,9,#CE1126,0,8460621,Ottawa Senators,1339309,OTT,,00:36
2011020389,TBL,Dwayne,Roloson,1,00:00,15:19,1,,,517,14,#002868,0,8460806,Tampa Bay Lightning,1339310,TBL,,15:19
2011020389,TBL,Dwayne,Roloson,1,15:26,20:00,2,,,517,14,#002868,0,8460806,Tampa Bay Lightning,1339311,TBL,,04:34
2011020389,TBL,Dwayne,Roloson,2,00:00,20:00,3,,,517,14,#002868,0,8460806,Tampa Bay Lightning,1339312,TBL,,20:00
2011020389,TBL,Dwayne,Roloson,3,00:00,06:03,4,,,517,14,#002868,0,8460806,Tampa Bay Lightning,1339313,TBL,,06:03
2011020389,TBL,Dwayne,Roloson,3,06:10,18:11,5,,,517,14,#002868,0,8460806,Tampa Bay Lightning,1339314,TBL,,12:01
2011020389,TBL,Dwayne,Roloson,3,19:38,20:00,6,,,517,14,#002868,0,8460806,Tampa Bay Lightning,1339315,TBL,,00:22
2011020389,OTT,Chris,Phillips,1,00:37,01:39,1,,,517,9,#CE1126,0,8464956,Ottawa Senators,1339316,OTT,,01:02
2011020389,OTT,Chris,Phillips,1,05:36,06:32,2,,,517,9,#CE1126,0,8464956,Ottawa Senators,1339317,OTT,,00:56
2011020389,OTT,Chris,Phillips,1,07:38,07:47,3,,,517,9,#CE1126,0,8464956,Ottawa Senators,1339318,OTT,,00:09
2011020389,OTT,Chris,Phillips,1,08:43,08:49,4,,,517,9,#CE1126,0,8464956,Ottawa Senators,1339319,OTT,,00:06
2011020389,OTT,Chris,Phillips,1,09:01,10:09,5,,,517,9,#CE1126,0,8464956,Ottawa Senators,1339320,OTT,,01:08
2011020389,OTT,Chris,Phillips,1,13:58,14:12,6,,,517,9,#CE1126,0,8464956,Ottawa Senators,1339321,OTT,,00:14
2011020389,OTT,Chris,Phillips,1,14:47,15:26,7,,,517,9,#CE1126,0,8464956,Ottawa Senators,1339322,OTT,,00:39
2011020389,OTT,Chris,Phillips,1,17:26,17:44,8,,,517,9,#CE1126,0,8464956,Ottawa Senators,1339323,OTT,,00:18
2011020389,OTT,Chris,Phillips,1,18:06,18:44,9,,,517,9,#CE1126,0,8464956,Ottawa Senators,1339324,OTT,,00:38
2011020389,OTT,Chris,Phillips,1,19:24,20:00,10,,,517,9,#CE1126,0,8464956,Ottawa Senators,1339325,OTT,,00:36
2011020389,OTT,Chris,Phillips,2,00:00,00:23,11,,,517,9,#CE1126,0,8464956,Ottawa Senators,1339326,OTT,,00:23
2011020389,OTT,Chris,Phillips,2,00:58,02:06,12,,,517,9,#CE1126,0,8464956,Ottawa Senators,1339327,OTT,,01:08
2011020389,OTT,Chris,Phillips,2,03:15,04:31,13,,,517,9,#CE1126,0,8464956,Ottawa Senators,1339328,OTT,,01:16
2011020389,OTT,Chris,Phillips,2,06:42,07:30,14,,,517,9,#CE1126,0,8464956,Ottawa Senators,1339329,OTT,,00:48
2011020389,OTT,Chris,Phillips,2,09:07,09:51,15,,,517,9,#CE1126,0,8464956,Ottawa Senators,1339330,OTT,,00:44
2011020389,OTT,Chris,Phillips,2,10:51,11:34,16,,,517,9,#CE1126,0,8464956,Ottawa Senators,1339331,OTT,,00:43
2011020389,OTT,Chris,Phillips,2,13:09,13:43,17,,,517,9,#CE1126,0,8464956,Ottawa Senators,1339332,OTT,,00:34
2011020389,OTT,Chris,Phillips,2,16:12,16:43,18,,,517,9,#CE1126,0,8464956,Ottawa Senators,1339333,OTT,,00:31
2011020389,OTT,Chris,Phillips,2,16:46,17:48,19,,,517,9,#CE1126,0,8464956,Ottawa Senators,1339334,OTT,,01:02
2011020389,OTT,Chris,Phillips,2,19:50,20:00,20,,,517,9,#CE1126,0,8464956,Ottawa Senators,1339335,OTT,,00:10
2011020389,OTT,Chris,Phillips,3,00:52,01:26,21,,,517,9,#CE1126,0,8464956,Ottawa Senators,1339336,OTT,,00:34
2011020389,OTT,Chris,Phillips,3,02:26,03:10,22,,,517,9,#CE1126,0,8464956,Ottawa Senators,1339337,OTT,,00:44
2011020389,OTT,Chris,Phillips,3,05:02,05:36,23,,,517,9,#CE1126,0,8464956,Ottawa Senators,1339338,OTT,,00:34
2011020389,OTT,Chris,Phillips,3,06:10,07:05,24,,,517,9,#CE1126,0,8464956,Ottawa Senators,1339339,OTT,,00:55
2011020389,OTT,Chris,Phillips,3,08:58,09:33,25,,,517,9,#CE1126,0,8464956,Ottawa Senators,1339340,OTT,,00:35
2011020389,OTT,Chris,Phillips,3,10:33,11:41,26,,,517,9,#CE1126,0,8464956,Ottawa Senators,1339341,OTT,,01:08
2011020389,OTT,Chris,Phillips,3,13:35,14:19,27,,,517,9,#CE1126,0,8464956,Ottawa Senators,1339342,OTT,,00:44
2011020389,OTT,Chris,Phillips,3,15:33,16:19,28,,,517,9,#CE1126,0,8464956,Ottawa Senators,1339343,OTT,,00:46
2011020389,OTT,Chris,Phillips,3,17:28,19:24,29,,,517,9,#CE1126,0,8464956,Ottawa Senators,1339344,OTT,,01:56
2011020389,TBL,Brett,Clark,1,00:40,01:25,1,,,517,14,#002868,0,8465122,Tampa Bay Lightning,1339345,TBL,,00:45
2011020389,TBL,Brett,Clark,1,03:50,04:23,2,,,517,14,#002868,0,8465122,Tampa Bay Lightning,1339346,TBL,,00:33
2011020389,TBL,Brett,Clark,1,05:41,06:32,3,,,517,14,#002868,0,8465122,Tampa Bay Lightning,1339347,TBL,,00:51
2011020389,TBL,Brett,Clark,1,07:30,08:08,4,,,517,14,#002868,0,8465122,Tampa Bay Lightning,1339348,TBL,,00:38
2011020389,TBL,Brett,Clark,1,09:16,09:54,5,,,517,14,#002868,0,8465122,Tampa Bay Lightning,1339349,TBL,,00:38
2011020389,TBL,Brett,Clark,1,10:31,11:11,6,,,517,14,#002868,0,8465122,Tampa Bay Lightning,1339350,TBL,,00:40
2011020389,TBL,Brett,Clark,1,11:51,12:26,7,,,517,14,#002868,0,8465122,Tampa Bay Lightning,1339351,TBL,,00:35
2011020389,TBL,Brett,Clark,1,12:31,13:08,8,,,517,14,#002868,0,8465122,Tampa Bay Lightning,1339352,TBL,,00:37
2011020389,TBL,Brett,Clark,1,13:50,14:12,9,,,517,14,#002868,0,8465122,Tampa Bay Lightning,1339353,TBL,,00:22
2011020389,TBL,Brett,Clark,1,15:26,15:56,10,,,517,14,#002868,0,8465122,Tampa Bay Lightning,1339354,TBL,,00:30
2011020389,TBL,Brett,Clark,1,17:05,17:24,11,,,517,14,#002868,0,8465122,Tampa Bay Lightning,1339355,TBL,,00:19
2011020389,TBL,Brett,Clark,1,19:31,20:00,12,,,517,14,#002868,0,8465122,Tampa Bay Lightning,1339356,TBL,,00:29
2011020389,TBL,Brett,Clark,2,00:26,00:58,13,,,517,14,#002868,0,8465122,Tampa Bay Lightning,1339357,TBL,,00:32
2011020389,TBL,Brett,Clark,2,04:03,05:36,14,,,517,14,#002868,0,8465122,Tampa Bay Lightning,1339358,TBL,,01:33
2011020389,TBL,Brett,Clark,2,07:07,08:26,15,,,517,14,#002868,0,8465122,Tampa Bay Lightning,1339359,TBL,,01:19
2011020389,TBL,Brett,Clark,2,10:11,10:51,16,,,517,14,#002868,0,8465122,Tampa Bay Lightning,1339360,TBL,,00:40
2011020389,TBL,Brett,Clark,2,11:45,13:03,17,,,517,14,#002868,0,8465122,Tampa Bay Lightning,1339361,TBL,,01:18
2011020389,TBL,Brett,Clark,2,15:22,16:12,18,,,517,14,#002868,0,8465122,Tampa Bay Lightning,1339362,TBL,,00:50
2011020389,TBL,Brett,Clark,2,16:46,17:08,19,,,517,14,#002868,0,8465122,Tampa Bay Lightning,1339363,TBL,,00:22
2011020389,TBL,Brett,Clark,2,18:38,19:17,20,,,517,14,#002868,0,8465122,Tampa Bay Lightning,1339364,TBL,,00:39
2011020389,TBL,Brett,Clark,3,00:28,01:33,21,,,517,14,#002868,0,8465122,Tampa Bay Lightning,1339365,TBL,,01:05
2011020389,TBL,Brett,Clark,3,03:21,03:35,22,,,517,14,#002868,0,8465122,Tampa Bay Lightning,1339366,TBL,,00:14
2011020389,TBL,Brett,Clark,3,04:06,04:47,23,,,517,14,#002868,0,8465122,Tampa Bay Lightning,1339367,TBL,,00:41
2011020389,TBL,Brett,Clark,3,07:50,08:50,24,,,517,14,#002868,0,8465122,Tampa Bay Lightning,1339368,TBL,,01:00
2011020389,TBL,Brett,Clark,3,10:33,11:18,25,,,517,14,#002868,0,8465122,Tampa Bay Lightning,1339369,TBL,,00:45
2011020389,TBL,Brett,Clark,3,12:50,13:30,26,,,517,14,#002868,0,8465122,Tampa Bay Lightning,1339370,TBL,,00:40
2011020389,TBL,Brett,Clark,3,15:17,15:47,27,,,517,14,#002868,0,8465122,Tampa Bay Lightning,1339371,TBL,,00:30
2011020389,TBL,Brett,Clark,3,16:19,17:00,28,,,517,14,#002868,0,8465122,Tampa Bay Lightning,1339372,TBL,,00:41
2011020389,TBL,Eric,Brewer,1,00:00,00:40,1,,,517,14,#002868,0,8466142,Tampa Bay Lightning,1339373,TBL,,00:40
2011020389,TBL,Eric,Brewer,1,01:25,02:25,2,,,517,14,#002868,0,8466142,Tampa Bay Lightning,1339374,TBL,,01:00
2011020389,TBL,Eric,Brewer,1,02:41,03:50,3,,,517,14,#002868,0,8466142,Tampa Bay Lightning,1339375,TBL,,01:09
2011020389,TBL,Eric,Brewer,1,04:23,04:50,4,,,517,14,#002868,0,8466142,Tampa Bay Lightning,1339376,TBL,,00:27
2011020389,TBL,Eric,Brewer,1,06:32,07:30,5,,,517,14,#002868,0,8466142,Tampa Bay Lightning,1339377,TBL,,00:58
2011020389,TBL,Eric,Brewer,1,08:39,09:01,6,,,517,14,#002868,0,8466142,Tampa Bay Lightning,1339378,TBL,,00:22
2011020389,TBL,Eric,Brewer,1,09:54,10:31,7,,,517,14,#002868,0,8466142,Tampa Bay Lightning,1339379,TBL,,00:37
2011020389,TBL,Eric,Brewer,1,12:31,13:08,8,,,517,14,#002868,0,8466142,Tampa Bay Lightning,1339380,TBL,,00:37
2011020389,TBL,Eric,Brewer,1,13:24,13:50,9,,,517,14,#002868,0,8466142,Tampa Bay Lightning,1339381,TBL,,00:26
2011020389,TBL,Eric,Brewer,1,14:12,14:49,10,,,517,14,#002868,0,8466142,Tampa Bay Lightning,1339382,TBL,,00:37
2011020389,TBL,Eric,Brewer,1,18:42,19:31,11,,,517,14,#002868,0,8466142,Tampa Bay Lightning,1339383,TBL,,00:49
2011020389,TBL,Eric,Brewer,2,00:00,00:26,12,,,517,14,#002868,0,8466142,Tampa Bay Lightning,1339384,TBL,,00:26
2011020389,TBL,Eric,Brewer,2,01:10,01:25,13,,,517,14,#002868,0,8466142,Tampa Bay Lightning,1339385,TBL,,00:15
2011020389,TBL,Eric,Brewer,2,03:14,04:03,14,,,517,14,#002868,0,8466142,Tampa Bay Lightning,1339386,TBL,,00:49
2011020389,TBL,Eric,Brewer,2,05:36,05:57,15,,,517,14,#002868,0,8466142,Tampa Bay Lightning,1339387,TBL,,00:21
2011020389,TBL,Eric,Brewer,2,06:42,07:30,16,,,517,14,#002868,0,8466142,Tampa Bay Lightning,1339388,TBL,,00:48
2011020389,TBL,Eric,Brewer,2,08:59,09:51,17,,,517,14,#002868,0,8466142,Tampa Bay Lightning,1339389,TBL,,00:52
2011020389,TBL,Eric,Brewer,2,10:51,11:45,18,,,517,14,#002868,0,8466142,Tampa Bay Lightning,1339390,TBL,,00:54
2011020389,TBL,Eric,Brewer,2,13:03,13:43,19,,,517,14,#002868,0,8466142,Tampa Bay Lightning,1339391,TBL,,00:40
2011020389,TBL,Eric,Brewer,2,14:05,15:22,20,,,517,14,#002868,0,8466142,Tampa Bay Lightning,1339392,TBL,,01:17
2011020389,TBL,Eric,Brewer,2,16:12,16:46,21,,,517,14,#002868,0,8466142,Tampa Bay Lightning,1339393,TBL,,00:34
2011020389,TBL,Eric,Brewer,2,17:47,18:38,22,,,517,14,#002868,0,8466142,Tampa Bay Lightning,1339394,TBL,,00:51
2011020389,TBL,Eric,Brewer,2,19:17,20:00,23,,,517,14,#002868,0,8466142,Tampa Bay Lightning,1339395,TBL,,00:43
2011020389,TBL,Eric,Brewer,3,00:00,01:02,24,,,517,14,#002868,0,8466142,Tampa Bay Lightning,1339396,TBL,,01:02
2011020389,TBL,Eric,Brewer,3,01:33,02:18,25,,,517,14,#002868,0,8466142,Tampa Bay Lightning,1339397,TBL,,00:45
2011020389,TBL,Eric,Brewer,3,03:35,04:06,26,,,517,14,#002868,0,8466142,Tampa Bay Lightning,1339398,TBL,,00:31
2011020389,TBL,Eric,Brewer,3,05:26,05:52,27,,,517,14,#002868,0,8466142,Tampa Bay Lightning,1339399,TBL,,00:26
2011020389,TBL,Eric,Brewer,3,08:50,09:20,28,,,517,14,#002868,0,8466142,Tampa Bay Lightning,1339400,TBL,,00:30
2011020389,TBL,Eric,Brewer,3,09:52,10:33,29,,,517,14,#002868,0,8466142,Tampa Bay Lightning,1339401,TBL,,00:41
2011020389,TBL,Eric,Brewer,3,12:22,12:50,30,,,517,14,#002868,0,8466142,Tampa Bay Lightning,1339402,TBL,,00:28
2011020389,TBL,Eric,Brewer,3,14:38,15:17,31,,,517,14,#002868,0,8466142,Tampa Bay Lightning,1339403,TBL,,00:39
2011020389,TBL,Eric,Brewer,3,17:06,17:53,32,,,517,14,#002868,0,8466142,Tampa Bay Lightning,1339404,TBL,,00:47
2011020389,TBL,Eric,Brewer,3,19:38,20:00,33,,,517,14,#002868,0,8466142,Tampa Bay Lightning,1339405,TBL,,00:22
2011020389,TBL,Martin,St. Louis,1,00:00,00:40,1,,,517,14,#002868,0,8466378,Tampa Bay Lightning,1339406,TBL,,00:40
2011020389,TBL,Martin,St. Louis,1,04:50,05:49,2,,,517,14,#002868,0,8466378,Tampa Bay Lightning,1339407,TBL,,00:59
2011020389,TBL,Martin,St. Louis,1,07:43,08:39,3,,,517,14,#002868,0,8466378,Tampa Bay Lightning,1339408,TBL,,00:56
2011020389,TBL,Martin,St. Louis,1,09:54,10:31,4,,,517,14,#002868,0,8466378,Tampa Bay Lightning,1339409,TBL,,00:37
2011020389,TBL,Martin,St. Louis,1,12:31,13:08,5,,,517,14,#002868,0,8466378,Tampa Bay Lightning,1339410,TBL,,00:37
2011020389,TBL,Martin,St. Louis,1,13:10,13:29,6,,,517,14,#002868,0,8466378,Tampa Bay Lightning,1339411,TBL,,00:19
2011020389,TBL,Martin,St. Louis,1,14:12,15:26,7,,,517,14,#002868,0,8466378,Tampa Bay Lightning,1339412,TBL,,01:14
2011020389,TBL,Martin,St. Louis,1,15:56,17:05,8,,,517,14,#002868,0,8466378,Tampa Bay Lightning,1339413,TBL,,01:09
2011020389,TBL,Martin,St. Louis,1,18:44,19:26,9,,,517,14,#002868,0,8466378,Tampa Bay Lightning,1339414,TBL,,00:42
2011020389,TBL,Martin,St. Louis,2,00:26,00:58,10,,,517,14,#002868,0,8466378,Tampa Bay Lightning,1339415,TBL,,00:32
2011020389,TBL,Martin,St. Louis,2,01:25,03:14,11,,,517,14,#002868,0,8466378,Tampa Bay Lightning,1339416,TBL,,01:49
2011020389,TBL,Martin,St. Louis,2,04:16,05:22,12,,,517,14,#002868,0,8466378,Tampa Bay Lightning,1339417,TBL,,01:06
2011020389,TBL,Martin,St. Louis,2,07:30,08:26,13,,,517,14,#002868,0,8466378,Tampa Bay Lightning,1339418,TBL,,00:56
2011020389,TBL,Martin,St. Louis,2,09:51,10:51,14,,,517,14,#002868,0,8466378,Tampa Bay Lightning,1339419,TBL,,01:00
2011020389,TBL,Martin,St. Louis,2,13:43,14:05,15,,,517,14,#002868,0,8466378,Tampa Bay Lightning,1339420,TBL,,00:22
2011020389,TBL,Martin,St. Louis,2,16:12,16:46,16,,,517,14,#002868,0,8466378,Tampa Bay Lightning,1339421,TBL,,00:34
2011020389,TBL,Martin,St. Louis,2,17:48,18:45,17,,,517,14,#002868,0,8466378,Tampa Bay Lightning,1339422,TBL,,00:57
2011020389,TBL,Martin,St. Louis,3,03:35,03:35,0,EVG,Steven Stamkos,505,14,#002868,803,8466378,Tampa Bay Lightning,5252058,TBL,550,
2011020389,TBL,Martin,St. Louis,3,00:00,01:02,18,,,517,14,#002868,0,8466378,Tampa Bay Lightning,1339423,TBL,,01:02
2011020389,TBL,Martin,St. Louis,3,03:04,03:35,19,,,517,14,#002868,0,8466378,Tampa Bay Lightning,1339424,TBL,,00:31
2011020389,TBL,Martin,St. Louis,3,05:35,07:30,20,,,517,14,#002868,0,8466378,Tampa Bay Lightning,1339425,TBL,,01:55
2011020389,TBL,Martin,St. Louis,3,09:48,10:33,21,,,517,14,#002868,0,8466378,Tampa Bay Lightning,1339426,TBL,,00:45
2011020389,TBL,Martin,St. Louis,3,12:22,12:50,22,,,517,14,#002868,0,8466378,Tampa Bay Lightning,1339427,TBL,,00:28
2011020389,TBL,Martin,St. Louis,3,14:38,15:17,23,,,517,14,#002868,0,8466378,Tampa Bay Lightning,1339428,TBL,,00:39
2011020389,TBL,Martin,St. Louis,3,16:18,17:06,24,,,517,14,#002868,0,8466378,Tampa Bay Lightning,1339429,TBL,,00:48
2011020389,TBL,Martin,St. Louis,3,17:53,19:38,25,,,517,14,#002868,0,8466378,Tampa Bay Lightning,1339430,TBL,,01:45
2011020389,TBL,Vincent,Lecavalier,1,00:40,01:35,1,,,517,14,#002868,0,8467329,Tampa Bay Lightning,1339431,TBL,,00:55
2011020389,TBL,Vincent,Lecavalier,1,05:49,06:32,2,,,517,14,#002868,0,8467329,Tampa Bay Lightning,1339432,TBL,,00:43
2011020389,TBL,Vincent,Lecavalier,1,09:01,09:54,3,,,517,14,#002868,0,8467329,Tampa Bay Lightning,1339433,TBL,,00:53
2011020389,TBL,Vincent,Lecavalier,1,13:10,14:12,4,,,517,14,#002868,0,8467329,Tampa Bay Lightning,1339434,TBL,,01:02
2011020389,TBL,Vincent,Lecavalier,1,14:49,15:26,5,,,517,14,#002868,0,8467329,Tampa Bay Lightning,1339435,TBL,,00:37
2011020389,TBL,Vincent,Lecavalier,1,15:56,17:05,6,,,517,14,#002868,0,8467329,Tampa Bay Lightning,1339436,TBL,,01:09
2011020389,TBL,Vincent,Lecavalier,1,19:26,20:00,7,,,517,14,#002868,0,8467329,Tampa Bay Lightning,1339437,TBL,,00:34
2011020389,TBL,Vincent,Lecavalier,2,00:58,03:14,8,,,517,14,#002868,0,8467329,Tampa Bay Lightning,1339438,TBL,,02:16
2011020389,TBL,Vincent,Lecavalier,2,06:42,07:30,9,,,517,14,#002868,0,8467329,Tampa Bay Lightning,1339439,TBL,,00:48
2011020389,TBL,Vincent,Lecavalier,2,09:07,09:36,10,,,517,14,#002868,0,8467329,Tampa Bay Lightning,1339440,TBL,,00:29
2011020389,TBL,Vincent,Lecavalier,2,10:51,11:45,11,,,517,14,#002868,0,8467329,Tampa Bay Lightning,1339441,TBL,,00:54
2011020389,TBL,Vincent,Lecavalier,2,16:46,17:48,12,,,517,14,#002868,0,8467329,Tampa Bay Lightning,1339442,TBL,,01:02
2011020389,TBL,Vincent,Lecavalier,3,00:44,01:33,13,,,517,14,#002868,0,8467329,Tampa Bay Lightning,1339443,TBL,,00:49
2011020389,TBL,Vincent,Lecavalier,3,03:35,04:06,14,,,517,14,#002868,0,8467329,Tampa Bay Lightning,1339444,TBL,,00:31
2011020389,TBL,Vincent,Lecavalier,3,06:03,06:10,15,,,517,14,#002868,0,8467329,Tampa Bay Lightning,1339445,TBL,,00:07
2011020389,TBL,Vincent,Lecavalier,3,06:10,07:30,16,,,517,14,#002868,0,8467329,Tampa Bay Lightning,1339446,TBL,,01:20
2011020389,TBL,Vincent,Lecavalier,3,10:33,11:42,17,,,517,14,#002868,0,8467329,Tampa Bay Lightning,1339447,TBL,,01:09
2011020389,TBL,Vincent,Lecavalier,3,13:30,14:17,18,,,517,14,#002868,0,8467329,Tampa Bay Lightning,1339448,TBL,,00:47
2011020389,TBL,Vincent,Lecavalier,3,15:33,16:18,19,,,517,14,#002868,0,8467329,Tampa Bay Lightning,1339449,TBL,,00:45
2011020389,TBL,Vincent,Lecavalier,3,17:06,19:38,20,,,517,14,#002868,0,8467329,Tampa Bay Lightning,1339450,TBL,,02:32
2011020389,OTT,Chris,Neil,1,02:20,02:41,1,,,517,9,#CE1126,0,8467493,Ottawa Senators,1339451,OTT,,00:21
2011020389,OTT,Chris,Neil,1,07:38,07:47,2,,,517,9,#CE1126,0,8467493,Ottawa Senators,1339452,OTT,,00:09
2011020389,OTT,Chris,Neil,1,08:43,09:01,3,,,517,9,#CE1126,0,8467493,Ottawa Senators,1339453,OTT,,00:18
2011020389,OTT,Chris,Neil,1,10:31,11:16,4,,,517,9,#CE1126,0,8467493,Ottawa Senators,1339454,OTT,,00:45
2011020389,OTT,Chris,Neil,1,12:24,13:23,5,,,517,9,#CE1126,0,8467493,Ottawa Senators,1339455,OTT,,00:59
2011020389,OTT,Chris,Neil,2,00:26,00:58,6,,,517,9,#CE1126,0,8467493,Ottawa Senators,1339456,OTT,,00:32
2011020389,OTT,Chris,Neil,2,05:38,05:57,7,,,517,9,#CE1126,0,8467493,Ottawa Senators,1339457,OTT,,00:19
2011020389,OTT,Chris,Neil,2,07:30,07:49,8,,,517,9,#CE1126,0,8467493,Ottawa Senators,1339458,OTT,,00:19
2011020389,OTT,Chris,Neil,2,12:19,12:58,9,,,517,9,#CE1126,0,8467493,Ottawa Senators,1339459,OTT,,00:39
2011020389,OTT,Chris,Neil,2,13:52,14:05,10,,,517,9,#CE1126,0,8467493,Ottawa Senators,1339460,OTT,,00:13
2011020389,OTT,Chris,Neil,2,15:04,16:12,11,,,517,9,#CE1126,0,8467493,Ottawa Senators,1339461,OTT,,01:08
2011020389,OTT,Chris,Neil,2,16:46,17:33,12,,,517,9,#CE1126,0,8467493,Ottawa Senators,1339462,OTT,,00:47
2011020389,OTT,Chris,Neil,2,19:07,20:00,13,,,517,9,#CE1126,0,8467493,Ottawa Senators,1339463,OTT,,00:53
2011020389,OTT,Chris,Neil,3,03:10,03:35,14,,,517,9,#CE1126,0,8467493,Ottawa Senators,1339464,OTT,,00:25
2011020389,OTT,Chris,Neil,3,08:58,09:46,15,,,517,9,#CE1126,0,8467493,Ottawa Senators,1339465,OTT,,00:48
2011020389,OTT,Chris,Neil,3,11:41,12:27,16,,,517,9,#CE1126,0,8467493,Ottawa Senators,1339466,OTT,,00:46
2011020389,OTT,Chris,Neil,3,12:50,13:28,17,,,517,9,#CE1126,0,8467493,Ottawa Senators,1339467,OTT,,00:38
2011020389,OTT,Craig,Anderson,1,00:00,10:28,1,,,517,9,#CE1126,0,8467950,Ottawa Senators,1339468,OTT,,10:28
2011020389,OTT,Craig,Anderson,1,10:31,20:00,2,,,517,9,#CE1126,0,8467950,Ottawa Senators,1339469,OTT,,09:29
2011020389,OTT,Craig,Anderson,2,00:00,20:00,3,,,517,9,#CE1126,0,8467950,Ottawa Senators,1339470,OTT,,20:00
2011020389,OTT,Craig,Anderson,3,00:00,20:00,4,,,517,9,#CE1126,0,8467950,Ottawa Senators,1339471,OTT,,20:00
2011020389,TBL,Ryan,Malone,1,00:40,01:25,1,,,517,14,#002868,0,8467988,Tampa Bay Lightning,1339472,TBL,,00:45
2011020389,TBL,Ryan,Malone,1,05:49,06:32,2,,,517,14,#002868,0,8467988,Tampa Bay Lightning,1339473,TBL,,00:43
2011020389,TBL,Ryan,Malone,1,09:01,09:54,3,,,517,14,#002868,0,8467988,Tampa Bay Lightning,1339474,TBL,,00:53
2011020389,TBL,Ryan,Malone,1,13:29,14:12,4,,,517,14,#002868,0,8467988,Tampa Bay Lightning,1339475,TBL,,00:43
2011020389,TBL,Ryan,Malone,1,14:49,15:26,5,,,517,14,#002868,0,8467988,Tampa Bay Lightning,1339476,TBL,,00:37
2011020389,TBL,Ryan,Malone,1,15:56,17:05,6,,,517,14,#002868,0,8467988,Tampa Bay Lightning,1339477,TBL,,01:09
2011020389,TBL,Ryan,Malone,1,19:31,20:00,7,,,517,14,#002868,0,8467988,Tampa Bay Lightning,1339478,TBL,,00:29
2011020389,TBL,Ryan,Malone,2,00:58,03:14,8,,,517,14,#002868,0,8467988,Tampa Bay Lightning,1339479,TBL,,02:16
2011020389,TBL,Ryan,Malone,2,06:32,07:30,9,,,517,14,#002868,0,8467988,Tampa Bay Lightning,1339480,TBL,,00:58
2011020389,TBL,Ryan,Malone,2,09:07,09:36,10,,,517,14,#002868,0,8467988,Tampa Bay Lightning,1339481,TBL,,00:29
2011020389,TBL,Ryan,Malone,2,10:51,12:19,11,,,517,14,#002868,0,8467988,Tampa Bay Lightning,1339482,TBL,,01:28
2011020389,TBL,Ryan,Malone,2,16:46,17:48,12,,,517,14,#002868,0,8467988,Tampa Bay Lightning,1339483,TBL,,01:02
2011020389,TBL,Ryan,Malone,3,01:02,01:49,13,,,517,14,#002868,0,8467988,Tampa Bay Lightning,1339484,TBL,,00:47
2011020389,TBL,Ryan,Malone,3,03:35,04:06,14,,,517,14,#002868,0,8467988,Tampa Bay Lightning,1339485,TBL,,00:31
2011020389,TBL,Ryan,Malone,3,06:10,07:08,15,,,517,14,#002868,0,8467988,Tampa Bay Lightning,1339486,TBL,,00:58
2011020389,TBL,Ryan,Malone,3,10:33,11:33,16,,,517,14,#002868,0,8467988,Tampa Bay Lightning,1339487,TBL,,01:00
2011020389,TBL,Ryan,Malone,3,13:47,14:33,17,,,517,14,#002868,0,8467988,Tampa Bay Lightning,1339488,TBL,,00:46
2011020389,TBL,Ryan,Malone,3,15:33,16:18,18,,,517,14,#002868,0,8467988,Tampa Bay Lightning,1339489,TBL,,00:45
2011020389,TBL,Ryan,Malone,3,17:27,19:27,19,,,517,14,#002868,0,8467988,Tampa Bay Lightning,1339490,TBL,,02:00
2011020389,TBL,Dominic,Moore,1,02:20,02:41,1,,,517,14,#002868,0,8468575,Tampa Bay Lightning,1339491,TBL,,00:21
2011020389,TBL,Dominic,Moore,1,03:50,04:23,2,,,517,14,#002868,0,8468575,Tampa Bay Lightning,1339492,TBL,,00:33
2011020389,TBL,Dominic,Moore,1,06:32,07:43,3,,,517,14,#002868,0,8468575,Tampa Bay Lightning,1339493,TBL,,01:11
2011020389,TBL,Dominic,Moore,1,11:11,12:06,4,,,517,14,#002868,0,8468575,Tampa Bay Lightning,1339494,TBL,,00:55
2011020389,TBL,Dominic,Moore,1,12:26,12:31,5,,,517,14,#002868,0,8468575,Tampa Bay Lightning,1339495,TBL,,00:05
2011020389,TBL,Dominic,Moore,1,17:05,18:20,6,,,517,14,#002868,0,8468575,Tampa Bay Lightning,1339496,TBL,,01:15
2011020389,TBL,Dominic,Moore,2,04:16,05:22,7,,,517,14,#002868,0,8468575,Tampa Bay Lightning,1339497,TBL,,01:06
2011020389,TBL,Dominic,Moore,2,08:26,09:07,8,,,517,14,#002868,0,8468575,Tampa Bay Lightning,1339498,TBL,,00:41
2011020389,TBL,Dominic,Moore,2,11:45,12:55,9,,,517,14,#002868,0,8468575,Tampa Bay Lightning,1339499,TBL,,01:10
2011020389,TBL,Dominic,Moore,2,15:07,16:12,10,,,517,14,#002868,0,8468575,Tampa Bay Lightning,1339500,TBL,,01:05
2011020389,TBL,Dominic,Moore,2,19:02,20:00,11,,,517,14,#002868,0,8468575,Tampa Bay Lightning,1339501,TBL,,00:58
2011020389,TBL,Dominic,Moore,3,01:33,02:18,12,,,517,14,#002868,0,8468575,Tampa Bay Lightning,1339502,TBL,,00:45
2011020389,TBL,Dominic,Moore,3,04:47,05:52,13,,,517,14,#002868,0,8468575,Tampa Bay Lightning,1339503,TBL,,01:05
2011020389,TBL,Dominic,Moore,3,07:58,08:50,14,,,517,14,#002868,0,8468575,Tampa Bay Lightning,1339504,TBL,,00:52
2011020389,TBL,Dominic,Moore,3,11:42,12:27,15,,,517,14,#002868,0,8468575,Tampa Bay Lightning,1339505,TBL,,00:45
2011020389,TBL,Dominic,Moore,3,15:17,15:33,16,,,517,14,#002868,0,8468575,Tampa Bay Lightning,1339506,TBL,,00:16
2011020389,TBL,Dominic,Moore,3,19:38,20:00,17,,,517,14,#002868,0,8468575,Tampa Bay Lightning,1339507,TBL,,00:22
2011020389,OTT,Jason,Spezza,1,00:37,01:26,1,,,517,9,#CE1126,0,8469455,Ottawa Senators,1339508,OTT,,00:49
2011020389,OTT,Jason,Spezza,1,02:41,03:52,2,,,517,9,#CE1126,0,8469455,Ottawa Senators,1339509,OTT,,01:11
2011020389,OTT,Jason,Spezza,1,05:28,06:32,3,,,517,9,#CE1126,0,8469455,Ottawa Senators,1339510,OTT,,01:04
2011020389,OTT,Jason,Spezza,1,09:01,09:54,4,,,517,9,#CE1126,0,8469455,Ottawa Senators,1339511,OTT,,00:53
2011020389,OTT,Jason,Spezza,1,10:28,10:31,5,,,517,9,#CE1126,0,8469455,Ottawa Senators,1339512,OTT,,00:03
2011020389,OTT,Jason,Spezza,1,11:16,13:08,6,,,517,9,#CE1126,0,8469455,Ottawa Senators,1339513,OTT,,01:52
2011020389,OTT,Jason,Spezza,1,13:14,13:23,7,,,517,9,#CE1126,0,8469455,Ottawa Senators,1339514,OTT,,00:09
2011020389,OTT,Jason,Spezza,1,14:47,15:26,8,,,517,9,#CE1126,0,8469455,Ottawa Senators,1339515,OTT,,00:39
2011020389,OTT,Jason,Spezza,1,19:24,20:00,9,,,517,9,#CE1126,0,8469455,Ottawa Senators,1339516,OTT,,00:36
2011020389,OTT,Jason,Spezza,2,00:23,00:26,10,,,517,9,#CE1126,0,8469455,Ottawa Senators,1339517,OTT,,00:03
2011020389,OTT,Jason,Spezza,2,00:58,01:25,11,,,517,9,#CE1126,0,8469455,Ottawa Senators,1339518,OTT,,00:27
2011020389,OTT,Jason,Spezza,2,03:51,04:54,12,,,517,9,#CE1126,0,8469455,Ottawa Senators,1339519,OTT,,01:03
2011020389,OTT,Jason,Spezza,2,06:42,07:30,13,,,517,9,#CE1126,0,8469455,Ottawa Senators,1339520,OTT,,00:48
2011020389,OTT,Jason,Spezza,2,09:07,09:45,14,,,517,9,#CE1126,0,8469455,Ottawa Senators,1339521,OTT,,00:38
2011020389,OTT,Jason,Spezza,2,10:51,11:34,15,,,517,9,#CE1126,0,8469455,Ottawa Senators,1339522,OTT,,00:43
2011020389,OTT,Jason,Spezza,2,13:34,13:43,16,,,517,9,#CE1126,0,8469455,Ottawa Senators,1339523,OTT,,00:09
2011020389,OTT,Jason,Spezza,2,14:05,15:19,17,,,517,9,#CE1126,0,8469455,Ottawa Senators,1339524,OTT,,01:14
2011020389,OTT,Jason,Spezza,2,18:15,19:07,18,,,517,9,#CE1126,0,8469455,Ottawa Senators,1339525,OTT,,00:52
2011020389,OTT,Jason,Spezza,2,19:50,20:00,19,,,517,9,#CE1126,0,8469455,Ottawa Senators,1339526,OTT,,00:10
2011020389,OTT,Jason,Spezza,3,00:52,01:26,20,,,517,9,#CE1126,0,8469455,Ottawa Senators,1339527,OTT,,00:34
2011020389,OTT,Jason,Spezza,3,02:06,03:00,21,,,517,9,#CE1126,0,8469455,Ottawa Senators,1339528,OTT,,00:54
2011020389,OTT,Jason,Spezza,3,03:35,04:06,22,,,517,9,#CE1126,0,8469455,Ottawa Senators,1339529,OTT,,00:31
2011020389,OTT,Jason,Spezza,3,04:53,05:17,23,,,517,9,#CE1126,0,8469455,Ottawa Senators,1339530,OTT,,00:24
2011020389,OTT,Jason,Spezza,3,08:35,08:58,24,,,517,9,#CE1126,0,8469455,Ottawa Senators,1339531,OTT,,00:23
2011020389,OTT,Jason,Spezza,3,10:33,11:23,25,,,517,9,#CE1126,0,8469455,Ottawa Senators,1339532,OTT,,00:50
2011020389,OTT,Jason,Spezza,3,13:28,14:34,26,,,517,9,#CE1126,0,8469455,Ottawa Senators,1339533,OTT,,01:06
2011020389,OTT,Jason,Spezza,3,15:33,16:12,27,,,517,9,#CE1126,0,8469455,Ottawa Senators,1339534,OTT,,00:39
2011020389,OTT,Jason,Spezza,3,18:57,20:00,28,,,517,9,#CE1126,0,8469455,Ottawa Senators,1339535,OTT,,01:03
2011020389,TBL,Marc-Andre,Bergeron,1,02:20,02:41,1,,,517,14,#002868,0,8469765,Tampa Bay Lightning,1339536,TBL,,00:21
2011020389,TBL,Marc-Andre,Bergeron,1,04:50,05:49,2,,,517,14,#002868,0,8469765,Tampa Bay Lightning,1339537,TBL,,00:59
2011020389,TBL,Marc-Andre,Bergeron,1,07:30,08:13,3,,,517,14,#002868,0,8469765,Tampa Bay Lightning,1339538,TBL,,00:43
2011020389,TBL,Marc-Andre,Bergeron,1,09:01,09:16,4,,,517,14,#002868,0,8469765,Tampa Bay Lightning,1339539,TBL,,00:15
2011020389,TBL,Marc-Andre,Bergeron,1,13:10,13:24,5,,,517,14,#002868,0,8469765,Tampa Bay Lightning,1339540,TBL,,00:14
2011020389,TBL,Marc-Andre,Bergeron,1,14:49,15:56,6,,,517,14,#002868,0,8469765,Tampa Bay Lightning,1339541,TBL,,01:07
2011020389,TBL,Marc-Andre,Bergeron,1,17:24,18:20,7,,,517,14,#002868,0,8469765,Tampa Bay Lightning,1339542,TBL,,00:56
2011020389,TBL,Marc-Andre,Bergeron,2,00:58,01:10,8,,,517,14,#002868,0,8469765,Tampa Bay Lightning,1339543,TBL,,00:12
2011020389,TBL,Marc-Andre,Bergeron,2,03:14,03:56,9,,,517,14,#002868,0,8469765,Tampa Bay Lightning,1339544,TBL,,00:42
2011020389,TBL,Marc-Andre,Bergeron,2,05:57,06:42,10,,,517,14,#002868,0,8469765,Tampa Bay Lightning,1339545,TBL,,00:45
2011020389,TBL,Marc-Andre,Bergeron,2,08:26,08:59,11,,,517,14,#002868,0,8469765,Tampa Bay Lightning,1339546,TBL,,00:33
2011020389,TBL,Marc-Andre,Bergeron,2,09:51,10:11,12,,,517,14,#002868,0,8469765,Tampa Bay Lightning,1339547,TBL,,00:20
2011020389,TBL,Marc-Andre,Bergeron,2,13:43,14:05,13,,,517,14,#002868,0,8469765,Tampa Bay Lightning,1339548,TBL,,00:22
2011020389,TBL,Marc-Andre,Bergeron,2,16:05,16:12,14,,,517,14,#002868,0,8469765,Tampa Bay Lightning,1339549,TBL,,00:07
2011020389,TBL,Marc-Andre,Bergeron,2,16:29,16:46,15,,,517,14,#002868,0,8469765,Tampa Bay Lightning,1339550,TBL,,00:17
2011020389,TBL,Marc-Andre,Bergeron,2,17:08,17:47,16,,,517,14,#002868,0,8469765,Tampa Bay Lightning,1339551,TBL,,00:39
2011020389,TBL,Marc-Andre,Bergeron,3,01:33,02:18,17,,,517,14,#002868,0,8469765,Tampa Bay Lightning,1339552,TBL,,00:45
2011020389,TBL,Marc-Andre,Bergeron,3,04:47,05:26,18,,,517,14,#002868,0,8469765,Tampa Bay Lightning,1339553,TBL,,00:39
2011020389,TBL,Marc-Andre,Bergeron,3,05:52,06:10,19,,,517,14,#002868,0,8469765,Tampa Bay Lightning,1339554,TBL,,00:18
2011020389,TBL,Marc-Andre,Bergeron,3,07:30,08:50,20,,,517,14,#002868,0,8469765,Tampa Bay Lightning,1339555,TBL,,01:20
2011020389,TBL,Marc-Andre,Bergeron,3,09:20,09:52,21,,,517,14,#002868,0,8469765,Tampa Bay Lightning,1339556,TBL,,00:32
2011020389,TBL,Marc-Andre,Bergeron,3,11:18,12:22,22,,,517,14,#002868,0,8469765,Tampa Bay Lightning,1339557,TBL,,01:04
2011020389,TBL,Marc-Andre,Bergeron,3,13:47,14:38,23,,,517,14,#002868,0,8469765,Tampa Bay Lightning,1339558,TBL,,00:51
2011020389,TBL,Marc-Andre,Bergeron,3,15:47,16:19,24,,,517,14,#002868,0,8469765,Tampa Bay Lightning,1339559,TBL,,00:32
2011020389,TBL,Marc-Andre,Bergeron,3,17:00,17:45,25,,,517,14,#002868,0,8469765,Tampa Bay Lightning,1339560,TBL,,00:45
2011020389,TBL,Marc-Andre,Bergeron,3,17:53,19:38,26,,,517,14,#002868,0,8469765,Tampa Bay Lightning,1339561,TBL,,01:45
2011020389,OTT,Zenon,Konopka,1,02:20,02:41,1,,,517,9,#CE1126,0,8469820,Ottawa Senators,1339562,OTT,,00:21
2011020389,OTT,Zenon,Konopka,1,07:30,07:47,2,,,517,9,#CE1126,0,8469820,Ottawa Senators,1339563,OTT,,00:17
2011020389,OTT,Zenon,Konopka,1,08:38,09:01,3,,,517,9,#CE1126,0,8469820,Ottawa Senators,1339564,OTT,,00:23
2011020389,OTT,Zenon,Konopka,1,12:24,13:23,4,,,517,9,#CE1126,0,8469820,Ottawa Senators,1339565,OTT,,00:59
2011020389,OTT,Zenon,Konopka,2,05:38,06:42,5,,,517,9,#CE1126,0,8469820,Ottawa Senators,1339566,OTT,,01:04
2011020389,OTT,Zenon,Konopka,2,07:49,08:36,6,,,517,9,#CE1126,0,8469820,Ottawa Senators,1339567,OTT,,00:47
2011020389,OTT,Zenon,Konopka,2,12:35,13:09,7,,,517,9,#CE1126,0,8469820,Ottawa Senators,1339568,OTT,,00:34
2011020389,OTT,Zenon,Konopka,2,13:52,14:05,8,,,517,9,#CE1126,0,8469820,Ottawa Senators,1339569,OTT,,00:13
2011020389,OTT,Zenon,Konopka,2,16:46,17:33,9,,,517,9,#CE1126,0,8469820,Ottawa Senators,1339570,OTT,,00:47
2011020389,OTT,Zenon,Konopka,2,19:15,19:50,10,,,517,9,#CE1126,0,8469820,Ottawa Senators,1339571,OTT,,00:35
2011020389,OTT,Zenon,Konopka,3,03:10,03:35,11,,,517,9,#CE1126,0,8469820,Ottawa Senators,1339572,OTT,,00:25
2011020389,OTT,Milan,Michalek,1,01:26,02:20,1,,,517,9,#CE1126,0,8470599,Ottawa Senators,1339573,OTT,,00:54
2011020389,OTT,Milan,Michalek,1,03:52,04:50,2,,,517,9,#CE1126,0,8470599,Ottawa Senators,1339574,OTT,,00:58
2011020389,OTT,Milan,Michalek,1,06:32,07:30,3,,,517,9,#CE1126,0,8470599,Ottawa Senators,1339575,OTT,,00:58
2011020389,OTT,Milan,Michalek,1,10:31,11:13,4,,,517,9,#CE1126,0,8470599,Ottawa Senators,1339576,OTT,,00:42
2011020389,OTT,Milan,Michalek,1,17:34,18:44,5,,,517,9,#CE1126,0,8470599,Ottawa Senators,1339577,OTT,,01:10
2011020389,OTT,Milan,Michalek,2,00:00,00:23,6,,,517,9,#CE1126,0,8470599,Ottawa Senators,1339578,OTT,,00:23
2011020389,OTT,Milan,Michalek,2,05:01,05:38,7,,,517,9,#CE1126,0,8470599,Ottawa Senators,1339579,OTT,,00:37
2011020389,OTT,Milan,Michalek,2,08:36,09:07,8,,,517,9,#CE1126,0,8470599,Ottawa Senators,1339580,OTT,,00:31
2011020389,OTT,Milan,Michalek,2,11:43,12:35,9,,,517,9,#CE1126,0,8470599,Ottawa Senators,1339581,OTT,,00:52
2011020389,OTT,Milan,Michalek,2,13:09,13:43,10,,,517,9,#CE1126,0,8470599,Ottawa Senators,1339582,OTT,,00:34
2011020389,OTT,Milan,Michalek,2,14:05,15:04,11,,,517,9,#CE1126,0,8470599,Ottawa Senators,1339583,OTT,,00:59
2011020389,OTT,Milan,Michalek,2,18:08,19:15,12,,,517,9,#CE1126,0,8470599,Ottawa Senators,1339584,OTT,,01:07
2011020389,OTT,Milan,Michalek,3,01:26,02:21,13,,,517,9,#CE1126,0,8470599,Ottawa Senators,1339585,OTT,,00:55
2011020389,OTT,Milan,Michalek,3,04:06,04:53,14,,,517,9,#CE1126,0,8470599,Ottawa Senators,1339586,OTT,,00:47
2011020389,OTT,Milan,Michalek,3,07:05,07:48,15,,,517,9,#CE1126,0,8470599,Ottawa Senators,1339587,OTT,,00:43
2011020389,OTT,Milan,Michalek,3,08:20,08:58,16,,,517,9,#CE1126,0,8470599,Ottawa Senators,1339588,OTT,,00:38
2011020389,OTT,Milan,Michalek,3,10:33,11:41,17,,,517,9,#CE1126,0,8470599,Ottawa Senators,1339589,OTT,,01:08
2011020389,OTT,Milan,Michalek,3,13:28,14:31,18,,,517,9,#CE1126,0,8470599,Ottawa Senators,1339590,OTT,,01:03
2011020389,OTT,Milan,Michalek,3,15:33,16:12,19,,,517,9,#CE1126,0,8470599,Ottawa Senators,1339591,OTT,,00:39
2011020389,OTT,Milan,Michalek,3,19:24,20:00,20,,,517,9,#CE1126,0,8470599,Ottawa Senators,1339592,OTT,,00:36
2011020389,TBL,Bruno,Gervais,1,02:25,02:41,1,,,517,14,#002868,0,8470774,Tampa Bay Lightning,1339593,TBL,,00:16
2011020389,TBL,Bruno,Gervais,1,04:50,05:41,2,,,517,14,#002868,0,8470774,Tampa Bay Lightning,1339594,TBL,,00:51
2011020389,TBL,Bruno,Gervais,1,08:08,08:39,3,,,517,14,#002868,0,8470774,Tampa Bay Lightning,1339595,TBL,,00:31
2011020389,TBL,Bruno,Gervais,1,09:01,09:16,4,,,517,14,#002868,0,8470774,Tampa Bay Lightning,1339596,TBL,,00:15
2011020389,TBL,Bruno,Gervais,1,11:11,11:51,5,,,517,14,#002868,0,8470774,Tampa Bay Lightning,1339597,TBL,,00:40
2011020389,TBL,Bruno,Gervais,1,13:29,13:50,6,,,517,14,#002868,0,8470774,Tampa Bay Lightning,1339598,TBL,,00:21
2011020389,TBL,Bruno,Gervais,1,14:49,15:26,7,,,517,14,#002868,0,8470774,Tampa Bay Lightning,1339599,TBL,,00:37
2011020389,TBL,Bruno,Gervais,2,13:52,13:52,0,EVG,"Steven Stamkos, Marc-Andre Bergeron",505,14,#002868,803,8470774,Tampa Bay Lightning,5252056,TBL,525,
2011020389,TBL,Bruno,Gervais,2,00:58,01:10,8,,,517,14,#002868,0,8470774,Tampa Bay Lightning,1339600,TBL,,00:12
2011020389,TBL,Bruno,Gervais,2,05:57,06:42,9,,,517,14,#002868,0,8470774,Tampa Bay Lightning,1339601,TBL,,00:45
2011020389,TBL,Bruno,Gervais,2,08:26,08:54,10,,,517,14,#002868,0,8470774,Tampa Bay Lightning,1339602,TBL,,00:28
2011020389,TBL,Bruno,Gervais,2,09:51,10:11,11,,,517,14,#002868,0,8470774,Tampa Bay Lightning,1339603,TBL,,00:20
2011020389,TBL,Bruno,Gervais,2,13:43,14:05,12,,,517,14,#002868,0,8470774,Tampa Bay Lightning,1339604,TBL,,00:22
2011020389,TBL,Bruno,Gervais,2,17:08,17:38,13,,,517,14,#002868,0,8470774,Tampa Bay Lightning,1339605,TBL,,00:30
2011020389,TBL,Bruno,Gervais,3,02:18,03:04,14,,,517,14,#002868,0,8470774,Tampa Bay Lightning,1339606,TBL,,00:46
2011020389,TBL,Bruno,Gervais,3,04:47,05:26,15,,,517,14,#002868,0,8470774,Tampa Bay Lightning,1339607,TBL,,00:39
2011020389,TBL,Bruno,Gervais,3,05:52,06:10,16,,,517,14,#002868,0,8470774,Tampa Bay Lightning,1339608,TBL,,00:18
2011020389,TBL,Bruno,Gervais,3,09:20,09:52,17,,,517,14,#002868,0,8470774,Tampa Bay Lightning,1339609,TBL,,00:32
2011020389,TBL,Bruno,Gervais,3,11:18,12:06,18,,,517,14,#002868,0,8470774,Tampa Bay Lightning,1339610,TBL,,00:48
2011020389,TBL,Bruno,Gervais,3,13:30,14:38,19,,,517,14,#002868,0,8470774,Tampa Bay Lightning,1339611,TBL,,01:08
2011020389,TBL,Nate,Thompson,1,01:35,02:20,1,,,517,14,#002868,0,8470775,Tampa Bay Lightning,1339612,TBL,,00:45
2011020389,TBL,Nate,Thompson,1,02:41,03:50,2,,,517,14,#002868,0,8470775,Tampa Bay Lightning,1339613,TBL,,01:09
2011020389,TBL,Nate,Thompson,1,04:23,04:50,3,,,517,14,#002868,0,8470775,Tampa Bay Lightning,1339614,TBL,,00:27
2011020389,TBL,Nate,Thompson,1,08:39,09:01,4,,,517,14,#002868,0,8470775,Tampa Bay Lightning,1339615,TBL,,00:22
2011020389,TBL,Nate,Thompson,1,10:31,11:11,5,,,517,14,#002868,0,8470775,Tampa Bay Lightning,1339616,TBL,,00:40
2011020389,TBL,Nate,Thompson,1,12:06,12:26,6,,,517,14,#002868,0,8470775,Tampa Bay Lightning,1339617,TBL,,00:20
2011020389,TBL,Nate,Thompson,1,18:20,18:44,7,,,517,14,#002868,0,8470775,Tampa Bay Lightning,1339618,TBL,,00:24
2011020389,TBL,Nate,Thompson,2,00:00,00:26,8,,,517,14,#002868,0,8470775,Tampa Bay Lightning,1339619,TBL,,00:26
2011020389,TBL,Nate,Thompson,2,05:22,06:42,9,,,517,14,#002868,0,8470775,Tampa Bay Lightning,1339620,TBL,,01:20
2011020389,TBL,Nate,Thompson,2,09:36,09:51,10,,,517,14,#002868,0,8470775,Tampa Bay Lightning,1339621,TBL,,00:15
2011020389,TBL,Nate,Thompson,2,12:55,13:43,11,,,517,14,#002868,0,8470775,Tampa Bay Lightning,1339622,TBL,,00:48
2011020389,TBL,Nate,Thompson,2,14:05,15:07,12,,,517,14,#002868,0,8470775,Tampa Bay Lightning,1339623,TBL,,01:02
2011020389,TBL,Nate,Thompson,3,02:18,03:04,13,,,517,14,#002868,0,8470775,Tampa Bay Lightning,1339624,TBL,,00:46
2011020389,TBL,Nate,Thompson,3,04:23,04:47,14,,,517,14,#002868,0,8470775,Tampa Bay Lightning,1339625,TBL,,00:24
2011020389,TBL,Nate,Thompson,3,08:50,09:33,15,,,517,14,#002868,0,8470775,Tampa Bay Lightning,1339626,TBL,,00:43
2011020389,TBL,Nate,Thompson,3,12:50,13:30,16,,,517,14,#002868,0,8470775,Tampa Bay Lightning,1339627,TBL,,00:40
2011020389,TBL,Ryan,Shannon,1,02:09,02:41,1,,,517,14,#002868,0,8471634,Tampa Bay Lightning,1339628,TBL,,00:32
2011020389,TBL,Ryan,Shannon,1,06:32,07:43,2,,,517,14,#002868,0,8471634,Tampa Bay Lightning,1339629,TBL,,01:11
2011020389,TBL,Ryan,Shannon,1,13:08,13:29,3,,,517,14,#002868,0,8471634,Tampa Bay Lightning,1339630,TBL,,00:21
2011020389,TBL,Ryan,Shannon,1,17:05,18:28,4,,,517,14,#002868,0,8471634,Tampa Bay Lightning,1339631,TBL,,01:23
2011020389,TBL,Ryan,Shannon,2,03:14,04:16,5,,,517,14,#002868,0,8471634,Tampa Bay Lightning,1339632,TBL,,01:02
2011020389,TBL,Ryan,Shannon,2,06:42,07:30,6,,,517,14,#002868,0,8471634,Tampa Bay Lightning,1339633,TBL,,00:48
2011020389,TBL,Ryan,Shannon,2,08:26,08:59,7,,,517,14,#002868,0,8471634,Tampa Bay Lightning,1339634,TBL,,00:33
2011020389,TBL,Ryan,Shannon,2,09:07,09:46,8,,,517,14,#002868,0,8471634,Tampa Bay Lightning,1339635,TBL,,00:39
2011020389,TBL,Ryan,Shannon,2,10:51,12:07,9,,,517,14,#002868,0,8471634,Tampa Bay Lightning,1339636,TBL,,01:16
2011020389,TBL,Ryan,Shannon,2,16:46,17:48,10,,,517,14,#002868,0,8471634,Tampa Bay Lightning,1339637,TBL,,01:02
2011020389,TBL,Ryan,Shannon,3,00:36,01:43,11,,,517,14,#002868,0,8471634,Tampa Bay Lightning,1339638,TBL,,01:07
2011020389,TBL,Ryan,Shannon,3,03:35,04:06,12,,,517,14,#002868,0,8471634,Tampa Bay Lightning,1339639,TBL,,00:31
2011020389,TBL,Ryan,Shannon,3,07:30,07:58,13,,,517,14,#002868,0,8471634,Tampa Bay Lightning,1339640,TBL,,00:28
2011020389,TBL,Ryan,Shannon,3,10:33,11:42,14,,,517,14,#002868,0,8471634,Tampa Bay Lightning,1339641,TBL,,01:09
2011020389,TBL,Ryan,Shannon,3,13:30,14:38,15,,,517,14,#002868,0,8471634,Tampa Bay Lightning,1339642,TBL,,01:08
2011020389,TBL,Ryan,Shannon,3,15:33,16:18,16,,,517,14,#002868,0,8471634,Tampa Bay Lightning,1339643,TBL,,00:45
2011020389,OTT,Brian,Lee,1,02:13,02:41,1,,,517,9,#CE1126,0,8471683,Ottawa Senators,1339644,OTT,,00:28
2011020389,OTT,Brian,Lee,1,06:32,07:38,2,,,517,9,#CE1126,0,8471683,Ottawa Senators,1339645,OTT,,01:06
2011020389,OTT,Brian,Lee,1,13:08,13:58,3,,,517,9,#CE1126,0,8471683,Ottawa Senators,1339646,OTT,,00:50
2011020389,OTT,Brian,Lee,1,15:56,17:13,4,,,517,9,#CE1126,0,8471683,Ottawa Senators,1339647,OTT,,01:17
2011020389,OTT,Brian,Lee,2,02:06,03:15,5,,,517,9,#CE1126,0,8471683,Ottawa Senators,1339648,OTT,,01:09
2011020389,OTT,Brian,Lee,2,05:45,06:42,6,,,517,9,#CE1126,0,8471683,Ottawa Senators,1339649,OTT,,00:57
2011020389,OTT,Brian,Lee,2,08:36,09:07,7,,,517,9,#CE1126,0,8471683,Ottawa Senators,1339650,OTT,,00:31
2011020389,OTT,Brian,Lee,2,11:34,12:31,8,,,517,9,#CE1126,0,8471683,Ottawa Senators,1339651,OTT,,00:57
2011020389,OTT,Brian,Lee,2,19:07,19:50,9,,,517,9,#CE1126,0,8471683,Ottawa Senators,1339652,OTT,,00:43
2011020389,OTT,Brian,Lee,3,05:02,05:34,10,,,517,9,#CE1126,0,8471683,Ottawa Senators,1339653,OTT,,00:32
2011020389,OTT,Brian,Lee,3,07:05,07:52,11,,,517,9,#CE1126,0,8471683,Ottawa Senators,1339654,OTT,,00:47
2011020389,OTT,Brian,Lee,3,08:58,09:37,12,,,517,9,#CE1126,0,8471683,Ottawa Senators,1339655,OTT,,00:39
2011020389,OTT,Brian,Lee,3,12:50,13:35,13,,,517,9,#CE1126,0,8471683,Ottawa Senators,1339656,OTT,,00:45
2011020389,OTT,Brian,Lee,3,15:18,15:33,14,,,517,9,#CE1126,0,8471683,Ottawa Senators,1339657,OTT,,00:15
2011020389,TBL,Steve,Downie,1,00:00,00:40,1,,,517,14,#002868,0,8471703,Tampa Bay Lightning,1339658,TBL,,00:40
2011020389,TBL,Steve,Downie,1,04:50,05:49,2,,,517,14,#002868,0,8471703,Tampa Bay Lightning,1339659,TBL,,00:59
2011020389,TBL,Steve,Downie,1,07:30,08:39,3,,,517,14,#002868,0,8471703,Tampa Bay Lightning,1339660,TBL,,01:09
2011020389,TBL,Steve,Downie,1,09:54,10:31,4,,,517,14,#002868,0,8471703,Tampa Bay Lightning,1339661,TBL,,00:37
2011020389,TBL,Steve,Downie,1,14:12,14:49,5,,,517,14,#002868,0,8471703,Tampa Bay Lightning,1339662,TBL,,00:37
2011020389,TBL,Steve,Downie,1,15:26,15:56,6,,,517,14,#002868,0,8471703,Tampa Bay Lightning,1339663,TBL,,00:30
2011020389,TBL,Steve,Downie,1,17:05,18:05,7,,,517,14,#002868,0,8471703,Tampa Bay Lightning,1339664,TBL,,01:00
2011020389,TBL,Steve,Downie,1,18:44,19:26,8,,,517,14,#002868,0,8471703,Tampa Bay Lightning,1339665,TBL,,00:42
2011020389,TBL,Steve,Downie,2,00:26,00:58,9,,,517,14,#002868,0,8471703,Tampa Bay Lightning,1339666,TBL,,00:32
2011020389,TBL,Steve,Downie,2,03:14,04:16,10,,,517,14,#002868,0,8471703,Tampa Bay Lightning,1339667,TBL,,01:02
2011020389,TBL,Steve,Downie,2,07:30,08:26,11,,,517,14,#002868,0,8471703,Tampa Bay Lightning,1339668,TBL,,00:56
2011020389,TBL,Steve,Downie,2,09:51,10:51,12,,,517,14,#002868,0,8471703,Tampa Bay Lightning,1339669,TBL,,01:00
2011020389,TBL,Steve,Downie,2,13:43,14:05,13,,,517,14,#002868,0,8471703,Tampa Bay Lightning,1339670,TBL,,00:22
2011020389,TBL,Steve,Downie,2,16:12,16:46,14,,,517,14,#002868,0,8471703,Tampa Bay Lightning,1339671,TBL,,00:34
2011020389,TBL,Steve,Downie,2,17:48,18:45,15,,,517,14,#002868,0,8471703,Tampa Bay Lightning,1339672,TBL,,00:57
2011020389,TBL,Steve,Downie,3,00:00,00:36,16,,,517,14,#002868,0,8471703,Tampa Bay Lightning,1339673,TBL,,00:36
2011020389,TBL,Steve,Downie,3,03:04,03:35,17,,,517,14,#002868,0,8471703,Tampa Bay Lightning,1339674,TBL,,00:31
2011020389,TBL,Steve,Downie,3,04:06,04:23,18,,,517,14,#002868,0,8471703,Tampa Bay Lightning,1339675,TBL,,00:17
2011020389,TBL,Steve,Downie,3,05:26,06:10,19,,,517,14,#002868,0,8471703,Tampa Bay Lightning,1339676,TBL,,00:44
2011020389,TBL,Steve,Downie,3,07:08,08:29,20,,,517,14,#002868,0,8471703,Tampa Bay Lightning,1339677,TBL,,01:21
2011020389,TBL,Steve,Downie,3,09:33,10:33,21,,,517,14,#002868,0,8471703,Tampa Bay Lightning,1339678,TBL,,01:00
2011020389,TBL,Steve,Downie,3,12:27,12:50,22,,,517,14,#002868,0,8471703,Tampa Bay Lightning,1339679,TBL,,00:23
2011020389,TBL,Steve,Downie,3,14:33,15:17,23,,,517,14,#002868,0,8471703,Tampa Bay Lightning,1339680,TBL,,00:44
2011020389,TBL,Steve,Downie,3,16:18,17:27,24,,,517,14,#002868,0,8471703,Tampa Bay Lightning,1339681,TBL,,01:09
2011020389,TBL,Steve,Downie,3,18:11,19:38,25,,,517,14,#002868,0,8471703,Tampa Bay Lightning,1339682,TBL,,01:27
2011020389,TBL,Tom,Pyatt,1,01:25,02:09,1,,,517,14,#002868,0,8471768,Tampa Bay Lightning,1339683,TBL,,00:44
2011020389,TBL,Tom,Pyatt,1,02:41,03:50,2,,,517,14,#002868,0,8471768,Tampa Bay Lightning,1339684,TBL,,01:09
2011020389,TBL,Tom,Pyatt,1,04:23,04:50,3,,,517,14,#002868,0,8471768,Tampa Bay Lightning,1339685,TBL,,00:27
2011020389,TBL,Tom,Pyatt,1,08:39,09:01,4,,,517,14,#002868,0,8471768,Tampa Bay Lightning,1339686,TBL,,00:22
2011020389,TBL,Tom,Pyatt,1,10:31,11:05,5,,,517,14,#002868,0,8471768,Tampa Bay Lightning,1339687,TBL,,00:34
2011020389,TBL,Tom,Pyatt,1,11:51,12:26,6,,,517,14,#002868,0,8471768,Tampa Bay Lightning,1339688,TBL,,00:35
2011020389,TBL,Tom,Pyatt,1,18:05,18:44,7,,,517,14,#002868,0,8471768,Tampa Bay Lightning,1339689,TBL,,00:39
2011020389,TBL,Tom,Pyatt,2,00:00,00:26,8,,,517,14,#002868,0,8471768,Tampa Bay Lightning,1339690,TBL,,00:26
2011020389,TBL,Tom,Pyatt,2,05:36,06:42,9,,,517,14,#002868,0,8471768,Tampa Bay Lightning,1339691,TBL,,01:06
2011020389,TBL,Tom,Pyatt,2,09:46,09:51,10,,,517,14,#002868,0,8471768,Tampa Bay Lightning,1339692,TBL,,00:05
2011020389,TBL,Tom,Pyatt,2,13:03,13:43,11,,,517,14,#002868,0,8471768,Tampa Bay Lightning,1339693,TBL,,00:40
2011020389,TBL,Tom,Pyatt,2,14:05,15:07,12,,,517,14,#002868,0,8471768,Tampa Bay Lightning,1339694,TBL,,01:02
2011020389,TBL,Tom,Pyatt,3,02:18,03:04,13,,,517,14,#002868,0,8471768,Tampa Bay Lightning,1339695,TBL,,00:46
2011020389,TBL,Tom,Pyatt,3,04:06,04:47,14,,,517,14,#002868,0,8471768,Tampa Bay Lightning,1339696,TBL,,00:41
2011020389,TBL,Tom,Pyatt,3,08:29,09:48,15,,,517,14,#002868,0,8471768,Tampa Bay Lightning,1339697,TBL,,01:19
2011020389,TBL,Tom,Pyatt,3,12:50,13:30,16,,,517,14,#002868,0,8471768,Tampa Bay Lightning,1339698,TBL,,00:40
2011020389,TBL,Tom,Pyatt,3,19:38,20:00,17,,,517,14,#002868,0,8471768,Tampa Bay Lightning,1339699,TBL,,00:22
2011020389,OTT,Colin,Greening,1,00:40,01:26,1,,,517,9,#CE1126,0,8471862,Ottawa Senators,1339700,OTT,,00:46
2011020389,OTT,Colin,Greening,1,02:41,03:52,2,,,517,9,#CE1126,0,8471862,Ottawa Senators,1339701,OTT,,01:11
2011020389,OTT,Colin,Greening,1,05:31,06:32,3,,,517,9,#CE1126,0,8471862,Ottawa Senators,1339702,OTT,,01:01
2011020389,OTT,Colin,Greening,1,09:01,09:54,4,,,517,9,#CE1126,0,8471862,Ottawa Senators,1339703,OTT,,00:53
2011020389,OTT,Colin,Greening,1,11:16,12:24,5,,,517,9,#CE1126,0,8471862,Ottawa Senators,1339704,OTT,,01:08
2011020389,OTT,Colin,Greening,1,14:47,15:26,6,,,517,9,#CE1126,0,8471862,Ottawa Senators,1339705,OTT,,00:39
2011020389,OTT,Colin,Greening,1,19:28,20:00,7,,,517,9,#CE1126,0,8471862,Ottawa Senators,1339706,OTT,,00:32
2011020389,OTT,Colin,Greening,2,00:23,00:26,8,,,517,9,#CE1126,0,8471862,Ottawa Senators,1339707,OTT,,00:03
2011020389,OTT,Colin,Greening,2,00:58,01:25,9,,,517,9,#CE1126,0,8471862,Ottawa Senators,1339708,OTT,,00:27
2011020389,OTT,Colin,Greening,2,04:08,05:01,10,,,517,9,#CE1126,0,8471862,Ottawa Senators,1339709,OTT,,00:53
2011020389,OTT,Colin,Greening,2,06:42,07:30,11,,,517,9,#CE1126,0,8471862,Ottawa Senators,1339710,OTT,,00:48
2011020389,OTT,Colin,Greening,2,09:07,09:51,12,,,517,9,#CE1126,0,8471862,Ottawa Senators,1339711,OTT,,00:44
2011020389,OTT,Colin,Greening,2,10:51,11:43,13,,,517,9,#CE1126,0,8471862,Ottawa Senators,1339712,OTT,,00:52
2011020389,OTT,Colin,Greening,2,17:33,17:48,14,,,517,9,#CE1126,0,8471862,Ottawa Senators,1339713,OTT,,00:15
2011020389,OTT,Colin,Greening,3,01:02,01:26,15,,,517,9,#CE1126,0,8471862,Ottawa Senators,1339714,OTT,,00:24
2011020389,OTT,Colin,Greening,3,02:21,03:10,16,,,517,9,#CE1126,0,8471862,Ottawa Senators,1339715,OTT,,00:49
2011020389,OTT,Colin,Greening,3,03:35,04:06,17,,,517,9,#CE1126,0,8471862,Ottawa Senators,1339716,OTT,,00:31
2011020389,OTT,Colin,Greening,3,04:53,05:22,18,,,517,9,#CE1126,0,8471862,Ottawa Senators,1339717,OTT,,00:29
2011020389,OTT,Colin,Greening,3,08:58,09:56,19,,,517,9,#CE1126,0,8471862,Ottawa Senators,1339718,OTT,,00:58
2011020389,OTT,Colin,Greening,3,13:44,14:40,20,,,517,9,#CE1126,0,8471862,Ottawa Senators,1339719,OTT,,00:56
2011020389,OTT,Colin,Greening,3,15:33,16:12,21,,,517,9,#CE1126,0,8471862,Ottawa Senators,1339720,OTT,,00:39
2011020389,OTT,Nick,Foligno,1,01:26,02:13,1,,,517,9,#CE1126,0,8473422,Ottawa Senators,1339721,OTT,,00:47
2011020389,OTT,Nick,Foligno,1,03:52,04:50,2,,,517,9,#CE1126,0,8473422,Ottawa Senators,1339722,OTT,,00:58
2011020389,OTT,Nick,Foligno,1,06:32,07:30,3,,,517,9,#CE1126,0,8473422,Ottawa Senators,1339723,OTT,,00:58
2011020389,OTT,Nick,Foligno,1,10:36,11:16,4,,,517,9,#CE1126,0,8473422,Ottawa Senators,1339724,OTT,,00:40
2011020389,OTT,Nick,Foligno,1,13:58,14:12,5,,,517,9,#CE1126,0,8473422,Ottawa Senators,1339725,OTT,,00:14
2011020389,OTT,Nick,Foligno,1,17:34,18:44,6,,,517,9,#CE1126,0,8473422,Ottawa Senators,1339726,OTT,,01:10
2011020389,OTT,Nick,Foligno,2,00:00,00:23,7,,,517,9,#CE1126,0,8473422,Ottawa Senators,1339727,OTT,,00:23
2011020389,OTT,Nick,Foligno,2,04:54,05:45,8,,,517,9,#CE1126,0,8473422,Ottawa Senators,1339728,OTT,,00:51
2011020389,OTT,Nick,Foligno,2,08:22,09:07,9,,,517,9,#CE1126,0,8473422,Ottawa Senators,1339729,OTT,,00:45
2011020389,OTT,Nick,Foligno,2,09:45,09:51,10,,,517,9,#CE1126,0,8473422,Ottawa Senators,1339730,OTT,,00:06
2011020389,OTT,Nick,Foligno,2,11:34,12:31,11,,,517,9,#CE1126,0,8473422,Ottawa Senators,1339731,OTT,,00:57
2011020389,OTT,Nick,Foligno,2,13:09,13:34,12,,,517,9,#CE1126,0,8473422,Ottawa Senators,1339732,OTT,,00:25
2011020389,OTT,Nick,Foligno,2,15:19,16:12,13,,,517,9,#CE1126,0,8473422,Ottawa Senators,1339733,OTT,,00:53
2011020389,OTT,Nick,Foligno,2,19:40,20:00,14,,,517,9,#CE1126,0,8473422,Ottawa Senators,1339734,OTT,,00:20
2011020389,OTT,Nick,Foligno,3,15:33,15:33,0,EVG,"Daniel Alfredsson, Jesse Winchester",505,9,#CE1126,804,8473422,Ottawa Senators,5252060,OTT,585,
2011020389,OTT,Nick,Foligno,3,01:26,02:06,15,,,517,9,#CE1126,0,8473422,Ottawa Senators,1339735,OTT,,00:40
2011020389,OTT,Nick,Foligno,3,04:06,04:53,16,,,517,9,#CE1126,0,8473422,Ottawa Senators,1339736,OTT,,00:47
2011020389,OTT,Nick,Foligno,3,08:58,09:56,17,,,517,9,#CE1126,0,8473422,Ottawa Senators,1339737,OTT,,00:58
2011020389,OTT,Nick,Foligno,3,11:41,12:26,18,,,517,9,#CE1126,0,8473422,Ottawa Senators,1339738,OTT,,00:45
2011020389,OTT,Nick,Foligno,3,12:50,13:44,19,,,517,9,#CE1126,0,8473422,Ottawa Senators,1339739,OTT,,00:54
2011020389,OTT,Nick,Foligno,3,15:18,15:33,20,,,517,9,#CE1126,0,8473422,Ottawa Senators,1339740,OTT,,00:15
2011020389,OTT,Nick,Foligno,3,16:46,17:44,21,,,517,9,#CE1126,0,8473422,Ottawa Senators,1339741,OTT,,00:58
2011020389,OTT,Kaspars,Daugavins,1,00:00,00:40,1,,,517,9,#CE1126,0,8473484,Ottawa Senators,1339742,OTT,,00:40
2011020389,OTT,Kaspars,Daugavins,1,04:50,05:31,2,,,517,9,#CE1126,0,8473484,Ottawa Senators,1339743,OTT,,00:41
2011020389,OTT,Kaspars,Daugavins,1,07:47,08:38,3,,,517,9,#CE1126,0,8473484,Ottawa Senators,1339744,OTT,,00:51
2011020389,OTT,Kaspars,Daugavins,1,09:54,10:31,4,,,517,9,#CE1126,0,8473484,Ottawa Senators,1339745,OTT,,00:37
2011020389,OTT,Kaspars,Daugavins,1,13:23,14:47,5,,,517,9,#CE1126,0,8473484,Ottawa Senators,1339746,OTT,,01:24
2011020389,OTT,Kaspars,Daugavins,1,15:26,15:53,6,,,517,9,#CE1126,0,8473484,Ottawa Senators,1339747,OTT,,00:27
2011020389,OTT,Kaspars,Daugavins,1,16:23,17:02,7,,,517,9,#CE1126,0,8473484,Ottawa Senators,1339748,OTT,,00:39
2011020389,OTT,Kaspars,Daugavins,1,17:24,17:34,8,,,517,9,#CE1126,0,8473484,Ottawa Senators,1339749,OTT,,00:10
2011020389,OTT,Kaspars,Daugavins,1,18:44,19:28,9,,,517,9,#CE1126,0,8473484,Ottawa Senators,1339750,OTT,,00:44
2011020389,OTT,Kaspars,Daugavins,2,00:26,00:58,10,,,517,9,#CE1126,0,8473484,Ottawa Senators,1339751,OTT,,00:32
2011020389,OTT,Kaspars,Daugavins,2,01:25,02:06,11,,,517,9,#CE1126,0,8473484,Ottawa Senators,1339752,OTT,,00:41
2011020389,OTT,Kaspars,Daugavins,2,03:15,04:08,12,,,517,9,#CE1126,0,8473484,Ottawa Senators,1339753,OTT,,00:53
2011020389,OTT,Kaspars,Daugavins,2,07:30,07:49,13,,,517,9,#CE1126,0,8473484,Ottawa Senators,1339754,OTT,,00:19
2011020389,OTT,Kaspars,Daugavins,2,09:51,10:51,14,,,517,9,#CE1126,0,8473484,Ottawa Senators,1339755,OTT,,01:00
2011020389,OTT,Kaspars,Daugavins,2,13:43,13:52,15,,,517,9,#CE1126,0,8473484,Ottawa Senators,1339756,OTT,,00:09
2011020389,OTT,Kaspars,Daugavins,2,16:12,16:46,16,,,517,9,#CE1126,0,8473484,Ottawa Senators,1339757,OTT,,00:34
2011020389,OTT,Kaspars,Daugavins,2,17:48,18:08,17,,,517,9,#CE1126,0,8473484,Ottawa Senators,1339758,OTT,,00:20
2011020389,OTT,Kaspars,Daugavins,3,00:00,01:02,18,,,517,9,#CE1126,0,8473484,Ottawa Senators,1339759,OTT,,01:02
2011020389,OTT,Kaspars,Daugavins,3,05:22,07:05,19,,,517,9,#CE1126,0,8473484,Ottawa Senators,1339760,OTT,,01:43
2011020389,OTT,Kaspars,Daugavins,3,07:52,08:20,20,,,517,9,#CE1126,0,8473484,Ottawa Senators,1339761,OTT,,00:28
2011020389,OTT,Kaspars,Daugavins,3,09:56,10:33,21,,,517,9,#CE1126,0,8473484,Ottawa Senators,1339762,OTT,,00:37
2011020389,OTT,Kaspars,Daugavins,3,12:26,12:50,22,,,517,9,#CE1126,0,8473484,Ottawa Senators,1339763,OTT,,00:24
2011020389,OTT,Kaspars,Daugavins,3,14:40,15:18,23,,,517,9,#CE1126,0,8473484,Ottawa Senators,1339764,OTT,,00:38
2011020389,OTT,Kaspars,Daugavins,3,16:12,16:46,24,,,517,9,#CE1126,0,8473484,Ottawa Senators,1339765,OTT,,00:34
2011020389,OTT,Kaspars,Daugavins,3,17:44,19:24,25,,,517,9,#CE1126,0,8473484,Ottawa Senators,1339766,OTT,,01:40
2011020389,OTT,Erik,Condra,1,00:00,00:40,1,,,517,9,#CE1126,0,8473588,Ottawa Senators,1339767,OTT,,00:40
2011020389,OTT,Erik,Condra,1,04:50,05:31,2,,,517,9,#CE1126,0,8473588,Ottawa Senators,1339768,OTT,,00:41
2011020389,OTT,Erik,Condra,1,07:47,08:43,3,,,517,9,#CE1126,0,8473588,Ottawa Senators,1339769,OTT,,00:56
2011020389,OTT,Erik,Condra,1,09:54,10:31,4,,,517,9,#CE1126,0,8473588,Ottawa Senators,1339770,OTT,,00:37
2011020389,OTT,Erik,Condra,1,13:23,14:47,5,,,517,9,#CE1126,0,8473588,Ottawa Senators,1339771,OTT,,01:24
2011020389,OTT,Erik,Condra,1,15:53,16:23,6,,,517,9,#CE1126,0,8473588,Ottawa Senators,1339772,OTT,,00:30
2011020389,OTT,Erik,Condra,1,17:02,17:24,7,,,517,9,#CE1126,0,8473588,Ottawa Senators,1339773,OTT,,00:22
2011020389,OTT,Erik,Condra,1,18:44,19:24,8,,,517,9,#CE1126,0,8473588,Ottawa Senators,1339774,OTT,,00:40
2011020389,OTT,Erik,Condra,2,00:23,00:26,9,,,517,9,#CE1126,0,8473588,Ottawa Senators,1339775,OTT,,00:03
2011020389,OTT,Erik,Condra,2,00:58,01:25,10,,,517,9,#CE1126,0,8473588,Ottawa Senators,1339776,OTT,,00:27
2011020389,OTT,Erik,Condra,2,02:06,03:15,11,,,517,9,#CE1126,0,8473588,Ottawa Senators,1339777,OTT,,01:09
2011020389,OTT,Erik,Condra,2,06:42,07:30,12,,,517,9,#CE1126,0,8473588,Ottawa Senators,1339778,OTT,,00:48
2011020389,OTT,Erik,Condra,2,09:51,10:51,13,,,517,9,#CE1126,0,8473588,Ottawa Senators,1339779,OTT,,01:00
2011020389,OTT,Erik,Condra,2,12:58,13:09,14,,,517,9,#CE1126,0,8473588,Ottawa Senators,1339780,OTT,,00:11
2011020389,OTT,Erik,Condra,2,13:43,13:52,15,,,517,9,#CE1126,0,8473588,Ottawa Senators,1339781,OTT,,00:09
2011020389,OTT,Erik,Condra,2,16:12,16:46,16,,,517,9,#CE1126,0,8473588,Ottawa Senators,1339782,OTT,,00:34
2011020389,OTT,Erik,Condra,2,17:48,18:15,17,,,517,9,#CE1126,0,8473588,Ottawa Senators,1339783,OTT,,00:27
2011020389,OTT,Erik,Condra,3,00:00,01:02,18,,,517,9,#CE1126,0,8473588,Ottawa Senators,1339784,OTT,,01:02
2011020389,OTT,Erik,Condra,3,05:17,06:10,19,,,517,9,#CE1126,0,8473588,Ottawa Senators,1339785,OTT,,00:53
2011020389,OTT,Erik,Condra,3,07:05,07:52,20,,,517,9,#CE1126,0,8473588,Ottawa Senators,1339786,OTT,,00:47
2011020389,OTT,Erik,Condra,3,09:46,10:33,21,,,517,9,#CE1126,0,8473588,Ottawa Senators,1339787,OTT,,00:47
2011020389,OTT,Erik,Condra,3,12:27,12:50,22,,,517,9,#CE1126,0,8473588,Ottawa Senators,1339788,OTT,,00:23
2011020389,OTT,Erik,Condra,3,14:31,15:18,23,,,517,9,#CE1126,0,8473588,Ottawa Senators,1339789,OTT,,00:47
2011020389,OTT,Erik,Condra,3,16:12,16:54,24,,,517,9,#CE1126,0,8473588,Ottawa Senators,1339790,OTT,,00:42
2011020389,OTT,Erik,Condra,3,17:47,19:24,25,,,517,9,#CE1126,0,8473588,Ottawa Senators,1339791,OTT,,01:37
2011020389,TBL,Teddy,Purcell,1,00:40,01:25,1,,,517,14,#002868,0,8473962,Tampa Bay Lightning,1339792,TBL,,00:45
2011020389,TBL,Teddy,Purcell,1,05:49,06:32,2,,,517,14,#002868,0,8473962,Tampa Bay Lightning,1339793,TBL,,00:43
2011020389,TBL,Teddy,Purcell,1,09:01,09:54,3,,,517,14,#002868,0,8473962,Tampa Bay Lightning,1339794,TBL,,00:53
2011020389,TBL,Teddy,Purcell,1,12:26,12:31,4,,,517,14,#002868,0,8473962,Tampa Bay Lightning,1339795,TBL,,00:05
2011020389,TBL,Teddy,Purcell,1,13:08,13:10,5,,,517,14,#002868,0,8473962,Tampa Bay Lightning,1339796,TBL,,00:02
2011020389,TBL,Teddy,Purcell,1,13:29,14:12,6,,,517,14,#002868,0,8473962,Tampa Bay Lightning,1339797,TBL,,00:43
2011020389,TBL,Teddy,Purcell,1,15:26,15:56,7,,,517,14,#002868,0,8473962,Tampa Bay Lightning,1339798,TBL,,00:30
2011020389,TBL,Teddy,Purcell,1,19:26,20:00,8,,,517,14,#002868,0,8473962,Tampa Bay Lightning,1339799,TBL,,00:34
2011020389,TBL,Teddy,Purcell,2,00:58,01:25,9,,,517,14,#002868,0,8473962,Tampa Bay Lightning,1339800,TBL,,00:27
2011020389,TBL,Teddy,Purcell,2,03:14,04:16,10,,,517,14,#002868,0,8473962,Tampa Bay Lightning,1339801,TBL,,01:02
2011020389,TBL,Teddy,Purcell,2,08:59,09:07,11,,,517,14,#002868,0,8473962,Tampa Bay Lightning,1339802,TBL,,00:08
2011020389,TBL,Teddy,Purcell,2,12:19,13:03,12,,,517,14,#002868,0,8473962,Tampa Bay Lightning,1339803,TBL,,00:44
2011020389,TBL,Teddy,Purcell,2,18:45,20:00,13,,,517,14,#002868,0,8473962,Tampa Bay Lightning,1339804,TBL,,01:15
2011020389,TBL,Teddy,Purcell,3,01:43,02:18,14,,,517,14,#002868,0,8473962,Tampa Bay Lightning,1339805,TBL,,00:35
2011020389,TBL,Teddy,Purcell,3,04:47,05:35,15,,,517,14,#002868,0,8473962,Tampa Bay Lightning,1339806,TBL,,00:48
2011020389,TBL,Teddy,Purcell,3,07:30,08:50,16,,,517,14,#002868,0,8473962,Tampa Bay Lightning,1339807,TBL,,01:20
2011020389,TBL,Teddy,Purcell,3,11:42,12:27,17,,,517,14,#002868,0,8473962,Tampa Bay Lightning,1339808,TBL,,00:45
2011020389,TBL,Teddy,Purcell,3,15:17,15:33,18,,,517,14,#002868,0,8473962,Tampa Bay Lightning,1339809,TBL,,00:16
2011020389,TBL,Teddy,Purcell,3,17:06,17:53,19,,,517,14,#002868,0,8473962,Tampa Bay Lightning,1339810,TBL,,00:47
2011020389,TBL,Teddy,Purcell,3,19:27,20:00,20,,,517,14,#002868,0,8473962,Tampa Bay Lightning,1339811,TBL,,00:33
2011020389,TBL,Dana,Tyrell,1,01:25,02:09,1,,,517,14,#002868,0,8474095,Tampa Bay Lightning,1339812,TBL,,00:44
2011020389,TBL,Dana,Tyrell,1,03:50,04:23,2,,,517,14,#002868,0,8474095,Tampa Bay Lightning,1339813,TBL,,00:33
2011020389,TBL,Dana,Tyrell,1,08:39,09:01,3,,,517,14,#002868,0,8474095,Tampa Bay Lightning,1339814,TBL,,00:22
2011020389,TBL,Dana,Tyrell,1,11:05,11:51,4,,,517,14,#002868,0,8474095,Tampa Bay Lightning,1339815,TBL,,00:46
2011020389,TBL,Dana,Tyrell,1,18:28,18:44,5,,,517,14,#002868,0,8474095,Tampa Bay Lightning,1339816,TBL,,00:16
2011020389,TBL,Dana,Tyrell,2,00:00,00:26,6,,,517,14,#002868,0,8474095,Tampa Bay Lightning,1339817,TBL,,00:26
2011020389,TBL,Dana,Tyrell,2,05:22,06:32,7,,,517,14,#002868,0,8474095,Tampa Bay Lightning,1339818,TBL,,01:10
2011020389,TBL,Dana,Tyrell,2,09:36,09:51,8,,,517,14,#002868,0,8474095,Tampa Bay Lightning,1339819,TBL,,00:15
2011020389,TBL,Dana,Tyrell,2,12:55,13:43,9,,,517,14,#002868,0,8474095,Tampa Bay Lightning,1339820,TBL,,00:48
2011020389,TBL,Dana,Tyrell,2,15:07,15:51,10,,,517,14,#002868,0,8474095,Tampa Bay Lightning,1339821,TBL,,00:44
2011020389,TBL,Dana,Tyrell,3,02:40,03:04,11,,,517,14,#002868,0,8474095,Tampa Bay Lightning,1339822,TBL,,00:24
2011020389,TBL,Dana,Tyrell,3,04:23,04:47,12,,,517,14,#002868,0,8474095,Tampa Bay Lightning,1339823,TBL,,00:24
2011020389,TBL,Dana,Tyrell,3,08:50,09:33,13,,,517,14,#002868,0,8474095,Tampa Bay Lightning,1339824,TBL,,00:43
2011020389,TBL,Dana,Tyrell,3,12:50,13:47,14,,,517,14,#002868,0,8474095,Tampa Bay Lightning,1339825,TBL,,00:57
2011020389,OTT,Zack,Smith,1,00:00,00:37,1,,,517,9,#CE1126,0,8474250,Ottawa Senators,1339826,OTT,,00:37
2011020389,OTT,Zack,Smith,1,04:50,05:28,2,,,517,9,#CE1126,0,8474250,Ottawa Senators,1339827,OTT,,00:38
2011020389,OTT,Zack,Smith,1,07:47,08:38,3,,,517,9,#CE1126,0,8474250,Ottawa Senators,1339828,OTT,,00:51
2011020389,OTT,Zack,Smith,1,09:54,10:31,4,,,517,9,#CE1126,0,8474250,Ottawa Senators,1339829,OTT,,00:37
2011020389,OTT,Zack,Smith,1,13:23,13:58,5,,,517,9,#CE1126,0,8474250,Ottawa Senators,1339830,OTT,,00:35
2011020389,OTT,Zack,Smith,1,14:12,14:47,6,,,517,9,#CE1126,0,8474250,Ottawa Senators,1339831,OTT,,00:35
2011020389,OTT,Zack,Smith,1,15:53,17:02,7,,,517,9,#CE1126,0,8474250,Ottawa Senators,1339832,OTT,,01:09
2011020389,OTT,Zack,Smith,1,17:24,17:34,8,,,517,9,#CE1126,0,8474250,Ottawa Senators,1339833,OTT,,00:10
2011020389,OTT,Zack,Smith,1,18:44,19:24,9,,,517,9,#CE1126,0,8474250,Ottawa Senators,1339834,OTT,,00:40
2011020389,OTT,Zack,Smith,2,16:46,16:46,0,EVG,"Jared Cowen, Kaspars Daugavins",505,9,#CE1126,807,8474250,Ottawa Senators,5252057,OTT,530,
2011020389,OTT,Zack,Smith,2,00:26,00:58,10,,,517,9,#CE1126,0,8474250,Ottawa Senators,1339835,OTT,,00:32
2011020389,OTT,Zack,Smith,2,02:06,03:15,11,,,517,9,#CE1126,0,8474250,Ottawa Senators,1339836,OTT,,01:09
2011020389,OTT,Zack,Smith,2,05:45,05:57,12,,,517,9,#CE1126,0,8474250,Ottawa Senators,1339837,OTT,,00:12
2011020389,OTT,Zack,Smith,2,07:30,07:49,13,,,517,9,#CE1126,0,8474250,Ottawa Senators,1339838,OTT,,00:19
2011020389,OTT,Zack,Smith,2,09:51,10:51,14,,,517,9,#CE1126,0,8474250,Ottawa Senators,1339839,OTT,,01:00
2011020389,OTT,Zack,Smith,2,12:58,13:09,15,,,517,9,#CE1126,0,8474250,Ottawa Senators,1339840,OTT,,00:11
2011020389,OTT,Zack,Smith,2,13:43,13:52,16,,,517,9,#CE1126,0,8474250,Ottawa Senators,1339841,OTT,,00:09
2011020389,OTT,Zack,Smith,2,16:12,16:46,17,,,517,9,#CE1126,0,8474250,Ottawa Senators,1339842,OTT,,00:34
2011020389,OTT,Zack,Smith,2,17:48,18:15,18,,,517,9,#CE1126,0,8474250,Ottawa Senators,1339843,OTT,,00:27
2011020389,OTT,Zack,Smith,3,16:19,16:19,0,EVG,"Sergei Gonchar, Chris Phillips",505,9,#CE1126,802,8474250,Ottawa Senators,5252061,OTT,592,
2011020389,OTT,Zack,Smith,3,00:00,00:52,19,,,517,9,#CE1126,0,8474250,Ottawa Senators,1339844,OTT,,00:52
2011020389,OTT,Zack,Smith,3,05:17,06:10,20,,,517,9,#CE1126,0,8474250,Ottawa Senators,1339845,OTT,,00:53
2011020389,OTT,Zack,Smith,3,08:10,08:35,21,,,517,9,#CE1126,0,8474250,Ottawa Senators,1339846,OTT,,00:25
2011020389,OTT,Zack,Smith,3,09:56,10:33,22,,,517,9,#CE1126,0,8474250,Ottawa Senators,1339847,OTT,,00:37
2011020389,OTT,Zack,Smith,3,12:27,12:50,23,,,517,9,#CE1126,0,8474250,Ottawa Senators,1339848,OTT,,00:23
2011020389,OTT,Zack,Smith,3,14:34,15:18,24,,,517,9,#CE1126,0,8474250,Ottawa Senators,1339849,OTT,,00:44
2011020389,OTT,Zack,Smith,3,16:12,16:50,25,,,517,9,#CE1126,0,8474250,Ottawa Senators,1339850,OTT,,00:38
2011020389,OTT,Zack,Smith,3,17:28,18:57,26,,,517,9,#CE1126,0,8474250,Ottawa Senators,1339851,OTT,,01:29
2011020389,OTT,Jesse,Winchester,1,02:13,02:41,1,,,517,9,#CE1126,0,8474498,Ottawa Senators,1339852,OTT,,00:28
2011020389,OTT,Jesse,Winchester,1,07:30,07:47,2,,,517,9,#CE1126,0,8474498,Ottawa Senators,1339853,OTT,,00:17
2011020389,OTT,Jesse,Winchester,1,08:38,09:01,3,,,517,9,#CE1126,0,8474498,Ottawa Senators,1339854,OTT,,00:23
2011020389,OTT,Jesse,Winchester,1,13:08,13:14,4,,,517,9,#CE1126,0,8474498,Ottawa Senators,1339855,OTT,,00:06
2011020389,OTT,Jesse,Winchester,1,15:26,15:53,5,,,517,9,#CE1126,0,8474498,Ottawa Senators,1339856,OTT,,00:27
2011020389,OTT,Jesse,Winchester,1,17:02,17:24,6,,,517,9,#CE1126,0,8474498,Ottawa Senators,1339857,OTT,,00:22
2011020389,OTT,Jesse,Winchester,2,01:25,02:06,7,,,517,9,#CE1126,0,8474498,Ottawa Senators,1339858,OTT,,00:41
2011020389,OTT,Jesse,Winchester,2,03:15,03:51,8,,,517,9,#CE1126,0,8474498,Ottawa Senators,1339859,OTT,,00:36
2011020389,OTT,Jesse,Winchester,2,05:57,06:42,9,,,517,9,#CE1126,0,8474498,Ottawa Senators,1339860,OTT,,00:45
2011020389,OTT,Jesse,Winchester,2,07:49,08:22,10,,,517,9,#CE1126,0,8474498,Ottawa Senators,1339861,OTT,,00:33
2011020389,OTT,Jesse,Winchester,2,12:31,12:58,11,,,517,9,#CE1126,0,8474498,Ottawa Senators,1339862,OTT,,00:27
2011020389,OTT,Jesse,Winchester,2,13:52,14:05,12,,,517,9,#CE1126,0,8474498,Ottawa Senators,1339863,OTT,,00:13
2011020389,OTT,Jesse,Winchester,2,16:46,17:48,13,,,517,9,#CE1126,0,8474498,Ottawa Senators,1339864,OTT,,01:02
2011020389,OTT,Jesse,Winchester,2,19:07,19:40,14,,,517,9,#CE1126,0,8474498,Ottawa Senators,1339865,OTT,,00:33
2011020389,OTT,Jesse,Winchester,3,03:00,03:35,15,,,517,9,#CE1126,0,8474498,Ottawa Senators,1339866,OTT,,00:35
2011020389,OTT,Jesse,Winchester,3,06:10,07:05,16,,,517,9,#CE1126,0,8474498,Ottawa Senators,1339867,OTT,,00:55
2011020389,OTT,Jesse,Winchester,3,07:48,08:14,17,,,517,9,#CE1126,0,8474498,Ottawa Senators,1339868,OTT,,00:26
2011020389,OTT,Jesse,Winchester,3,11:23,12:27,18,,,517,9,#CE1126,0,8474498,Ottawa Senators,1339869,OTT,,01:04
2011020389,OTT,Jesse,Winchester,3,12:50,13:28,19,,,517,9,#CE1126,0,8474498,Ottawa Senators,1339870,OTT,,00:38
2011020389,OTT,Jesse,Winchester,3,15:18,15:33,20,,,517,9,#CE1126,0,8474498,Ottawa Senators,1339871,OTT,,00:15
2011020389,OTT,Jesse,Winchester,3,16:50,17:28,21,,,517,9,#CE1126,0,8474498,Ottawa Senators,1339872,OTT,,00:38
2011020389,TBL,Steven,Stamkos,1,00:00,00:40,1,,,517,14,#002868,0,8474564,Tampa Bay Lightning,1339873,TBL,,00:40
2011020389,TBL,Steven,Stamkos,1,04:50,05:49,2,,,517,14,#002868,0,8474564,Tampa Bay Lightning,1339874,TBL,,00:59
2011020389,TBL,Steven,Stamkos,1,07:43,08:39,3,,,517,14,#002868,0,8474564,Tampa Bay Lightning,1339875,TBL,,00:56
2011020389,TBL,Steven,Stamkos,1,09:54,10:31,4,,,517,14,#002868,0,8474564,Tampa Bay Lightning,1339876,TBL,,00:37
2011020389,TBL,Steven,Stamkos,1,12:31,13:10,5,,,517,14,#002868,0,8474564,Tampa Bay Lightning,1339877,TBL,,00:39
2011020389,TBL,Steven,Stamkos,1,14:12,14:49,6,,,517,14,#002868,0,8474564,Tampa Bay Lightning,1339878,TBL,,00:37
2011020389,TBL,Steven,Stamkos,1,15:19,15:26,7,,,517,14,#002868,0,8474564,Tampa Bay Lightning,1339879,TBL,,00:07
2011020389,TBL,Steven,Stamkos,1,15:56,17:05,8,,,517,14,#002868,0,8474564,Tampa Bay Lightning,1339880,TBL,,01:09
2011020389,TBL,Steven,Stamkos,1,18:44,19:31,9,,,517,14,#002868,0,8474564,Tampa Bay Lightning,1339881,TBL,,00:47
2011020389,TBL,Steven,Stamkos,2,00:26,00:58,10,,,517,14,#002868,0,8474564,Tampa Bay Lightning,1339882,TBL,,00:32
2011020389,TBL,Steven,Stamkos,2,01:25,03:14,11,,,517,14,#002868,0,8474564,Tampa Bay Lightning,1339883,TBL,,01:49
2011020389,TBL,Steven,Stamkos,2,07:30,08:26,12,,,517,14,#002868,0,8474564,Tampa Bay Lightning,1339884,TBL,,00:56
2011020389,TBL,Steven,Stamkos,2,09:51,10:51,13,,,517,14,#002868,0,8474564,Tampa Bay Lightning,1339885,TBL,,01:00
2011020389,TBL,Steven,Stamkos,2,13:43,14:05,14,,,517,14,#002868,0,8474564,Tampa Bay Lightning,1339886,TBL,,00:22
2011020389,TBL,Steven,Stamkos,2,15:51,16:46,15,,,517,14,#002868,0,8474564,Tampa Bay Lightning,1339887,TBL,,00:55
2011020389,TBL,Steven,Stamkos,2,17:48,19:02,16,,,517,14,#002868,0,8474564,Tampa Bay Lightning,1339888,TBL,,01:14
2011020389,TBL,Steven,Stamkos,3,00:00,00:44,17,,,517,14,#002868,0,8474564,Tampa Bay Lightning,1339889,TBL,,00:44
2011020389,TBL,Steven,Stamkos,3,03:04,03:35,18,,,517,14,#002868,0,8474564,Tampa Bay Lightning,1339890,TBL,,00:31
2011020389,TBL,Steven,Stamkos,3,04:06,04:23,19,,,517,14,#002868,0,8474564,Tampa Bay Lightning,1339891,TBL,,00:17
2011020389,TBL,Steven,Stamkos,3,05:52,07:30,20,,,517,14,#002868,0,8474564,Tampa Bay Lightning,1339892,TBL,,01:38
2011020389,TBL,Steven,Stamkos,3,09:33,10:33,21,,,517,14,#002868,0,8474564,Tampa Bay Lightning,1339893,TBL,,01:00
2011020389,TBL,Steven,Stamkos,3,12:27,12:50,22,,,517,14,#002868,0,8474564,Tampa Bay Lightning,1339894,TBL,,00:23
2011020389,TBL,Steven,Stamkos,3,14:17,15:17,23,,,517,14,#002868,0,8474564,Tampa Bay Lightning,1339895,TBL,,01:00
2011020389,TBL,Steven,Stamkos,3,16:18,17:06,24,,,517,14,#002868,0,8474564,Tampa Bay Lightning,1339896,TBL,,00:48
2011020389,TBL,Steven,Stamkos,3,17:53,19:38,25,,,517,14,#002868,0,8474564,Tampa Bay Lightning,1339897,TBL,,01:45
2011020389,OTT,Erik,Karlsson,1,00:00,00:37,1,,,517,9,#CE1126,0,8474578,Ottawa Senators,1339898,OTT,,00:37
2011020389,OTT,Erik,Karlsson,1,01:39,02:13,2,,,517,9,#CE1126,0,8474578,Ottawa Senators,1339899,OTT,,00:34
2011020389,OTT,Erik,Karlsson,1,02:41,05:31,3,,,517,9,#CE1126,0,8474578,Ottawa Senators,1339900,OTT,,02:50
2011020389,OTT,Erik,Karlsson,1,07:38,08:43,4,,,517,9,#CE1126,0,8474578,Ottawa Senators,1339901,OTT,,01:05
2011020389,OTT,Erik,Karlsson,1,10:09,10:31,5,,,517,9,#CE1126,0,8474578,Ottawa Senators,1339902,OTT,,00:22
2011020389,OTT,Erik,Karlsson,1,12:06,13:08,6,,,517,9,#CE1126,0,8474578,Ottawa Senators,1339903,OTT,,01:02
2011020389,OTT,Erik,Karlsson,1,14:12,14:47,7,,,517,9,#CE1126,0,8474578,Ottawa Senators,1339904,OTT,,00:35
2011020389,OTT,Erik,Karlsson,1,17:13,18:06,8,,,517,9,#CE1126,0,8474578,Ottawa Senators,1339905,OTT,,00:53
2011020389,OTT,Erik,Karlsson,1,18:44,19:24,9,,,517,9,#CE1126,0,8474578,Ottawa Senators,1339906,OTT,,00:40
2011020389,OTT,Erik,Karlsson,2,00:23,00:58,10,,,517,9,#CE1126,0,8474578,Ottawa Senators,1339907,OTT,,00:35
2011020389,OTT,Erik,Karlsson,2,03:15,04:54,11,,,517,9,#CE1126,0,8474578,Ottawa Senators,1339908,OTT,,01:39
2011020389,OTT,Erik,Karlsson,2,07:30,08:27,12,,,517,9,#CE1126,0,8474578,Ottawa Senators,1339909,OTT,,00:57
2011020389,OTT,Erik,Karlsson,2,09:51,10:51,13,,,517,9,#CE1126,0,8474578,Ottawa Senators,1339910,OTT,,01:00
2011020389,OTT,Erik,Karlsson,2,12:53,13:09,14,,,517,9,#CE1126,0,8474578,Ottawa Senators,1339911,OTT,,00:16
2011020389,OTT,Erik,Karlsson,2,13:43,16:12,15,,,517,9,#CE1126,0,8474578,Ottawa Senators,1339912,OTT,,02:29
2011020389,OTT,Erik,Karlsson,2,16:43,16:46,16,,,517,9,#CE1126,0,8474578,Ottawa Senators,1339913,OTT,,00:03
2011020389,OTT,Erik,Karlsson,2,17:48,19:07,17,,,517,9,#CE1126,0,8474578,Ottawa Senators,1339914,OTT,,01:19
2011020389,OTT,Erik,Karlsson,3,00:00,00:52,18,,,517,9,#CE1126,0,8474578,Ottawa Senators,1339915,OTT,,00:52
2011020389,OTT,Erik,Karlsson,3,01:26,02:26,19,,,517,9,#CE1126,0,8474578,Ottawa Senators,1339916,OTT,,01:00
2011020389,OTT,Erik,Karlsson,3,03:10,03:35,20,,,517,9,#CE1126,0,8474578,Ottawa Senators,1339917,OTT,,00:25
2011020389,OTT,Erik,Karlsson,3,04:06,05:02,21,,,517,9,#CE1126,0,8474578,Ottawa Senators,1339918,OTT,,00:56
2011020389,OTT,Erik,Karlsson,3,05:52,06:10,22,,,517,9,#CE1126,0,8474578,Ottawa Senators,1339919,OTT,,00:18
2011020389,OTT,Erik,Karlsson,3,07:58,08:45,23,,,517,9,#CE1126,0,8474578,Ottawa Senators,1339920,OTT,,00:47
2011020389,OTT,Erik,Karlsson,3,09:33,10:33,24,,,517,9,#CE1126,0,8474578,Ottawa Senators,1339921,OTT,,01:00
2011020389,OTT,Erik,Karlsson,3,11:41,12:50,25,,,517,9,#CE1126,0,8474578,Ottawa Senators,1339922,OTT,,01:09
2011020389,OTT,Erik,Karlsson,3,14:19,15:33,26,,,517,9,#CE1126,0,8474578,Ottawa Senators,1339923,OTT,,01:14
2011020389,OTT,Erik,Karlsson,3,16:19,17:28,27,,,517,9,#CE1126,0,8474578,Ottawa Senators,1339924,OTT,,01:09
2011020389,OTT,Erik,Karlsson,3,19:24,20:00,28,,,517,9,#CE1126,0,8474578,Ottawa Senators,1339925,OTT,,00:36
2011020389,TBL,Matt,Gilroy,1,00:00,00:40,1,,,517,14,#002868,0,8475118,Tampa Bay Lightning,1339926,TBL,,00:40
2011020389,TBL,Matt,Gilroy,1,01:25,02:20,2,,,517,14,#002868,0,8475118,Tampa Bay Lightning,1339927,TBL,,00:55
2011020389,TBL,Matt,Gilroy,1,03:50,04:23,3,,,517,14,#002868,0,8475118,Tampa Bay Lightning,1339928,TBL,,00:33
2011020389,TBL,Matt,Gilroy,1,06:32,07:30,4,,,517,14,#002868,0,8475118,Tampa Bay Lightning,1339929,TBL,,00:58
2011020389,TBL,Matt,Gilroy,1,08:39,09:01,5,,,517,14,#002868,0,8475118,Tampa Bay Lightning,1339930,TBL,,00:22
2011020389,TBL,Matt,Gilroy,1,09:54,10:31,6,,,517,14,#002868,0,8475118,Tampa Bay Lightning,1339931,TBL,,00:37
2011020389,TBL,Matt,Gilroy,1,11:11,11:51,7,,,517,14,#002868,0,8475118,Tampa Bay Lightning,1339932,TBL,,00:40
2011020389,TBL,Matt,Gilroy,1,12:26,13:29,8,,,517,14,#002868,0,8475118,Tampa Bay Lightning,1339933,TBL,,01:03
2011020389,TBL,Matt,Gilroy,1,14:12,14:49,9,,,517,14,#002868,0,8475118,Tampa Bay Lightning,1339934,TBL,,00:37
2011020389,TBL,Matt,Gilroy,1,15:56,17:05,10,,,517,14,#002868,0,8475118,Tampa Bay Lightning,1339935,TBL,,01:09
2011020389,TBL,Matt,Gilroy,1,18:20,19:31,11,,,517,14,#002868,0,8475118,Tampa Bay Lightning,1339936,TBL,,01:11
2011020389,TBL,Matt,Gilroy,2,00:00,00:26,12,,,517,14,#002868,0,8475118,Tampa Bay Lightning,1339937,TBL,,00:26
2011020389,TBL,Matt,Gilroy,2,01:10,03:14,13,,,517,14,#002868,0,8475118,Tampa Bay Lightning,1339938,TBL,,02:04
2011020389,TBL,Matt,Gilroy,2,05:36,05:57,14,,,517,14,#002868,0,8475118,Tampa Bay Lightning,1339939,TBL,,00:21
2011020389,TBL,Matt,Gilroy,2,06:42,07:07,15,,,517,14,#002868,0,8475118,Tampa Bay Lightning,1339940,TBL,,00:25
2011020389,TBL,Matt,Gilroy,2,08:54,09:51,16,,,517,14,#002868,0,8475118,Tampa Bay Lightning,1339941,TBL,,00:57
2011020389,TBL,Matt,Gilroy,2,10:51,11:45,17,,,517,14,#002868,0,8475118,Tampa Bay Lightning,1339942,TBL,,00:54
2011020389,TBL,Matt,Gilroy,2,13:03,13:43,18,,,517,14,#002868,0,8475118,Tampa Bay Lightning,1339943,TBL,,00:40
2011020389,TBL,Matt,Gilroy,2,15:07,16:12,19,,,517,14,#002868,0,8475118,Tampa Bay Lightning,1339944,TBL,,01:05
2011020389,TBL,Matt,Gilroy,2,17:38,18:38,20,,,517,14,#002868,0,8475118,Tampa Bay Lightning,1339945,TBL,,01:00
2011020389,TBL,Matt,Gilroy,2,19:17,20:00,21,,,517,14,#002868,0,8475118,Tampa Bay Lightning,1339946,TBL,,00:43
2011020389,TBL,Matt,Gilroy,3,00:00,00:28,22,,,517,14,#002868,0,8475118,Tampa Bay Lightning,1339947,TBL,,00:28
2011020389,TBL,Matt,Gilroy,3,03:04,04:06,23,,,517,14,#002868,0,8475118,Tampa Bay Lightning,1339948,TBL,,01:02
2011020389,TBL,Matt,Gilroy,3,05:26,05:52,24,,,517,14,#002868,0,8475118,Tampa Bay Lightning,1339949,TBL,,00:26
2011020389,TBL,Matt,Gilroy,3,06:10,07:50,25,,,517,14,#002868,0,8475118,Tampa Bay Lightning,1339950,TBL,,01:40
2011020389,TBL,Matt,Gilroy,3,09:52,10:33,26,,,517,14,#002868,0,8475118,Tampa Bay Lightning,1339951,TBL,,00:41
2011020389,TBL,Matt,Gilroy,3,12:06,12:50,27,,,517,14,#002868,0,8475118,Tampa Bay Lightning,1339952,TBL,,00:44
2011020389,TBL,Matt,Gilroy,3,14:38,15:17,28,,,517,14,#002868,0,8475118,Tampa Bay Lightning,1339953,TBL,,00:39
2011020389,TBL,Matt,Gilroy,3,15:47,16:19,29,,,517,14,#002868,0,8475118,Tampa Bay Lightning,1339954,TBL,,00:32
2011020389,TBL,Victor,Hedman,1,00:40,01:25,1,,,517,14,#002868,0,8475167,Tampa Bay Lightning,1339955,TBL,,00:45
2011020389,TBL,Victor,Hedman,1,02:41,03:50,2,,,517,14,#002868,0,8475167,Tampa Bay Lightning,1339956,TBL,,01:09
2011020389,TBL,Victor,Hedman,1,04:23,04:50,3,,,517,14,#002868,0,8475167,Tampa Bay Lightning,1339957,TBL,,00:27
2011020389,TBL,Victor,Hedman,1,05:49,06:32,4,,,517,14,#002868,0,8475167,Tampa Bay Lightning,1339958,TBL,,00:43
2011020389,TBL,Victor,Hedman,1,08:13,08:39,5,,,517,14,#002868,0,8475167,Tampa Bay Lightning,1339959,TBL,,00:26
2011020389,TBL,Victor,Hedman,1,09:16,09:54,6,,,517,14,#002868,0,8475167,Tampa Bay Lightning,1339960,TBL,,00:38
2011020389,TBL,Victor,Hedman,1,10:31,11:11,7,,,517,14,#002868,0,8475167,Tampa Bay Lightning,1339961,TBL,,00:40
2011020389,TBL,Victor,Hedman,1,11:51,12:31,8,,,517,14,#002868,0,8475167,Tampa Bay Lightning,1339962,TBL,,00:40
2011020389,TBL,Victor,Hedman,1,13:08,13:10,9,,,517,14,#002868,0,8475167,Tampa Bay Lightning,1339963,TBL,,00:02
2011020389,TBL,Victor,Hedman,1,13:50,14:12,10,,,517,14,#002868,0,8475167,Tampa Bay Lightning,1339964,TBL,,00:22
2011020389,TBL,Victor,Hedman,1,17:05,18:42,11,,,517,14,#002868,0,8475167,Tampa Bay Lightning,1339965,TBL,,01:37
2011020389,TBL,Victor,Hedman,1,19:31,20:00,12,,,517,14,#002868,0,8475167,Tampa Bay Lightning,1339966,TBL,,00:29
2011020389,TBL,Victor,Hedman,2,00:26,00:58,13,,,517,14,#002868,0,8475167,Tampa Bay Lightning,1339967,TBL,,00:32
2011020389,TBL,Victor,Hedman,2,03:56,05:36,14,,,517,14,#002868,0,8475167,Tampa Bay Lightning,1339968,TBL,,01:40
2011020389,TBL,Victor,Hedman,2,07:30,08:26,15,,,517,14,#002868,0,8475167,Tampa Bay Lightning,1339969,TBL,,00:56
2011020389,TBL,Victor,Hedman,2,10:11,10:51,16,,,517,14,#002868,0,8475167,Tampa Bay Lightning,1339970,TBL,,00:40
2011020389,TBL,Victor,Hedman,2,11:45,13:03,17,,,517,14,#002868,0,8475167,Tampa Bay Lightning,1339971,TBL,,01:18
2011020389,TBL,Victor,Hedman,2,14:05,15:07,18,,,517,14,#002868,0,8475167,Tampa Bay Lightning,1339972,TBL,,01:02
2011020389,TBL,Victor,Hedman,2,16:12,16:29,19,,,517,14,#002868,0,8475167,Tampa Bay Lightning,1339973,TBL,,00:17
2011020389,TBL,Victor,Hedman,2,16:46,17:08,20,,,517,14,#002868,0,8475167,Tampa Bay Lightning,1339974,TBL,,00:22
2011020389,TBL,Victor,Hedman,2,18:38,19:17,21,,,517,14,#002868,0,8475167,Tampa Bay Lightning,1339975,TBL,,00:39
2011020389,TBL,Victor,Hedman,3,01:02,01:33,22,,,517,14,#002868,0,8475167,Tampa Bay Lightning,1339976,TBL,,00:31
2011020389,TBL,Victor,Hedman,3,02:18,03:21,23,,,517,14,#002868,0,8475167,Tampa Bay Lightning,1339977,TBL,,01:03
2011020389,TBL,Victor,Hedman,3,04:06,04:47,24,,,517,14,#002868,0,8475167,Tampa Bay Lightning,1339978,TBL,,00:41
2011020389,TBL,Victor,Hedman,3,08:50,09:20,25,,,517,14,#002868,0,8475167,Tampa Bay Lightning,1339979,TBL,,00:30
2011020389,TBL,Victor,Hedman,3,10:33,11:18,26,,,517,14,#002868,0,8475167,Tampa Bay Lightning,1339980,TBL,,00:45
2011020389,TBL,Victor,Hedman,3,12:50,13:47,27,,,517,14,#002868,0,8475167,Tampa Bay Lightning,1339981,TBL,,00:57
2011020389,TBL,Victor,Hedman,3,15:17,15:47,28,,,517,14,#002868,0,8475167,Tampa Bay Lightning,1339982,TBL,,00:30
2011020389,TBL,Victor,Hedman,3,16:19,17:06,29,,,517,14,#002868,0,8475167,Tampa Bay Lightning,1339983,TBL,,00:47
2011020389,TBL,Victor,Hedman,3,17:45,17:53,30,,,517,14,#002868,0,8475167,Tampa Bay Lightning,1339984,TBL,,00:08
2011020389,TBL,Victor,Hedman,3,19:38,20:00,31,,,517,14,#002868,0,8475167,Tampa Bay Lightning,1339985,TBL,,00:22
2011020389,OTT,Jared,Cowen,1,00:00,00:37,1,,,517,9,#CE1126,0,8475174,Ottawa Senators,1339986,OTT,,00:37
2011020389,OTT,Jared,Cowen,1,02:13,02:41,2,,,517,9,#CE1126,0,8475174,Ottawa Senators,1339987,OTT,,00:28
2011020389,OTT,Jared,Cowen,1,04:50,05:36,3,,,517,9,#CE1126,0,8475174,Ottawa Senators,1339988,OTT,,00:46
2011020389,OTT,Jared,Cowen,1,06:32,07:38,4,,,517,9,#CE1126,0,8475174,Ottawa Senators,1339989,OTT,,01:06
2011020389,OTT,Jared,Cowen,1,07:47,08:16,5,,,517,9,#CE1126,0,8475174,Ottawa Senators,1339990,OTT,,00:29
2011020389,OTT,Jared,Cowen,1,10:09,10:31,6,,,517,9,#CE1126,0,8475174,Ottawa Senators,1339991,OTT,,00:22
2011020389,OTT,Jared,Cowen,1,13:58,14:47,7,,,517,9,#CE1126,0,8475174,Ottawa Senators,1339992,OTT,,00:49
2011020389,OTT,Jared,Cowen,1,15:26,17:02,8,,,517,9,#CE1126,0,8475174,Ottawa Senators,1339993,OTT,,01:36
2011020389,OTT,Jared,Cowen,1,18:44,19:24,9,,,517,9,#CE1126,0,8475174,Ottawa Senators,1339994,OTT,,00:40
2011020389,OTT,Jared,Cowen,2,00:23,00:58,10,,,517,9,#CE1126,0,8475174,Ottawa Senators,1339995,OTT,,00:35
2011020389,OTT,Jared,Cowen,2,01:25,03:15,11,,,517,9,#CE1126,0,8475174,Ottawa Senators,1339996,OTT,,01:50
2011020389,OTT,Jared,Cowen,2,05:30,06:42,12,,,517,9,#CE1126,0,8475174,Ottawa Senators,1339997,OTT,,01:12
2011020389,OTT,Jared,Cowen,2,07:30,08:36,13,,,517,9,#CE1126,0,8475174,Ottawa Senators,1339998,OTT,,01:06
2011020389,OTT,Jared,Cowen,2,09:45,10:51,14,,,517,9,#CE1126,0,8475174,Ottawa Senators,1339999,OTT,,01:06
2011020389,OTT,Jared,Cowen,2,12:31,13:09,15,,,517,9,#CE1126,0,8475174,Ottawa Senators,1340000,OTT,,00:38
2011020389,OTT,Jared,Cowen,2,13:43,14:05,16,,,517,9,#CE1126,0,8475174,Ottawa Senators,1340001,OTT,,00:22
2011020389,OTT,Jared,Cowen,2,16:12,16:46,17,,,517,9,#CE1126,0,8475174,Ottawa Senators,1340002,OTT,,00:34
2011020389,OTT,Jared,Cowen,2,17:48,19:07,18,,,517,9,#CE1126,0,8475174,Ottawa Senators,1340003,OTT,,01:19
2011020389,OTT,Jared,Cowen,3,00:00,00:52,19,,,517,9,#CE1126,0,8475174,Ottawa Senators,1340004,OTT,,00:52
2011020389,OTT,Jared,Cowen,3,03:35,05:02,20,,,517,9,#CE1126,0,8475174,Ottawa Senators,1340005,OTT,,01:27
2011020389,OTT,Jared,Cowen,3,05:52,07:05,21,,,517,9,#CE1126,0,8475174,Ottawa Senators,1340006,OTT,,01:13
2011020389,OTT,Jared,Cowen,3,07:52,08:31,22,,,517,9,#CE1126,0,8475174,Ottawa Senators,1340007,OTT,,00:39
2011020389,OTT,Jared,Cowen,3,09:37,10:30,23,,,517,9,#CE1126,0,8475174,Ottawa Senators,1340008,OTT,,00:53
2011020389,OTT,Jared,Cowen,3,11:41,12:50,24,,,517,9,#CE1126,0,8475174,Ottawa Senators,1340009,OTT,,01:09
2011020389,OTT,Jared,Cowen,3,14:19,15:18,25,,,517,9,#CE1126,0,8475174,Ottawa Senators,1340010,OTT,,00:59
2011020389,OTT,Jared,Cowen,3,16:19,17:16,26,,,517,9,#CE1126,0,8475174,Ottawa Senators,1340011,OTT,,00:57
2011020389,OTT,Jared,Cowen,3,19:24,20:00,27,,,517,9,#CE1126,0,8475174,Ottawa Senators,1340012,OTT,,00:36
2011020389,OTT,David,Rundblad,1,01:39,02:13,1,,,517,9,#CE1126,0,8475182,Ottawa Senators,1340013,OTT,,00:34
2011020389,OTT,David,Rundblad,1,04:10,04:50,2,,,517,9,#CE1126,0,8475182,Ottawa Senators,1340014,OTT,,00:40
2011020389,OTT,David,Rundblad,1,08:49,09:01,3,,,517,9,#CE1126,0,8475182,Ottawa Senators,1340015,OTT,,00:12
2011020389,OTT,David,Rundblad,1,10:31,11:59,4,,,517,9,#CE1126,0,8475182,Ottawa Senators,1340016,OTT,,01:28
2011020389,OTT,David,Rundblad,1,18:06,18:44,5,,,517,9,#CE1126,0,8475182,Ottawa Senators,1340017,OTT,,00:38
2011020389,OTT,David,Rundblad,2,04:54,05:45,6,,,517,9,#CE1126,0,8475182,Ottawa Senators,1340018,OTT,,00:51
2011020389,OTT,David,Rundblad,2,08:27,09:07,7,,,517,9,#CE1126,0,8475182,Ottawa Senators,1340019,OTT,,00:40
2011020389,OTT,David,Rundblad,2,11:34,12:53,8,,,517,9,#CE1126,0,8475182,Ottawa Senators,1340020,OTT,,01:19
2011020389,OTT,David,Rundblad,2,15:50,16:12,9,,,517,9,#CE1126,0,8475182,Ottawa Senators,1340021,OTT,,00:22
2011020389,OTT,David,Rundblad,2,19:07,20:00,10,,,517,9,#CE1126,0,8475182,Ottawa Senators,1340022,OTT,,00:53
2011020389,OTT,David,Rundblad,3,01:26,02:26,11,,,517,9,#CE1126,0,8475182,Ottawa Senators,1340023,OTT,,01:00
2011020389,OTT,David,Rundblad,3,03:35,04:06,12,,,517,9,#CE1126,0,8475182,Ottawa Senators,1340024,OTT,,00:31
2011020389,OTT,David,Rundblad,3,05:36,05:52,13,,,517,9,#CE1126,0,8475182,Ottawa Senators,1340025,OTT,,00:16
2011020389,OTT,David,Rundblad,3,08:45,08:58,14,,,517,9,#CE1126,0,8475182,Ottawa Senators,1340026,OTT,,00:13
2011020389,OTT,David,Rundblad,3,12:50,13:35,15,,,517,9,#CE1126,0,8475182,Ottawa Senators,1340027,OTT,,00:45
2011020389,OTT,Bobby,Butler,1,00:40,01:32,1,,,517,9,#CE1126,0,8475637,Ottawa Senators,1340028,OTT,,00:52
2011020389,OTT,Bobby,Butler,1,02:41,03:52,2,,,517,9,#CE1126,0,8475637,Ottawa Senators,1340029,OTT,,01:11
2011020389,OTT,Bobby,Butler,1,05:31,06:32,3,,,517,9,#CE1126,0,8475637,Ottawa Senators,1340030,OTT,,01:01
2011020389,OTT,Bobby,Butler,1,09:01,09:54,4,,,517,9,#CE1126,0,8475637,Ottawa Senators,1340031,OTT,,00:53
2011020389,OTT,Bobby,Butler,1,11:13,12:24,5,,,517,9,#CE1126,0,8475637,Ottawa Senators,1340032,OTT,,01:11
2011020389,OTT,Bobby,Butler,1,14:47,15:26,6,,,517,9,#CE1126,0,8475637,Ottawa Senators,1340033,OTT,,00:39
2011020389,OTT,Bobby,Butler,1,19:24,20:00,7,,,517,9,#CE1126,0,8475637,Ottawa Senators,1340034,OTT,,00:36
2011020389,OTT,Bobby,Butler,2,03:43,04:54,8,,,517,9,#CE1126,0,8475637,Ottawa Senators,1340035,OTT,,01:11
2011020389,OTT,Bobby,Butler,2,05:57,06:42,9,,,517,9,#CE1126,0,8475637,Ottawa Senators,1340036,OTT,,00:45
2011020389,OTT,Bobby,Butler,2,07:49,08:32,10,,,517,9,#CE1126,0,8475637,Ottawa Senators,1340037,OTT,,00:43
2011020389,OTT,Bobby,Butler,2,09:07,09:45,11,,,517,9,#CE1126,0,8475637,Ottawa Senators,1340038,OTT,,00:38
2011020389,OTT,Bobby,Butler,2,10:51,11:34,12,,,517,9,#CE1126,0,8475637,Ottawa Senators,1340039,OTT,,00:43
2011020389,OTT,Bobby,Butler,2,15:04,16:12,13,,,517,9,#CE1126,0,8475637,Ottawa Senators,1340040,OTT,,01:08
2011020389,OTT,Bobby,Butler,2,17:33,17:48,14,,,517,9,#CE1126,0,8475637,Ottawa Senators,1340041,OTT,,00:15
2011020389,OTT,Bobby,Butler,3,01:02,01:26,15,,,517,9,#CE1126,0,8475637,Ottawa Senators,1340042,OTT,,00:24
2011020389,OTT,Bobby,Butler,3,02:21,03:10,16,,,517,9,#CE1126,0,8475637,Ottawa Senators,1340043,OTT,,00:49
2011020389,OTT,Bobby,Butler,3,03:35,04:06,17,,,517,9,#CE1126,0,8475637,Ottawa Senators,1340044,OTT,,00:31
2011020389,OTT,Bobby,Butler,3,04:48,05:17,18,,,517,9,#CE1126,0,8475637,Ottawa Senators,1340045,OTT,,00:29
2011020389,TBL,Brett,Connolly,1,02:09,02:41,1,,,517,14,#002868,0,8475792,Tampa Bay Lightning,1340046,TBL,,00:32
2011020389,TBL,Brett,Connolly,1,04:41,04:50,2,,,517,14,#002868,0,8475792,Tampa Bay Lightning,1340047,TBL,,00:09
2011020389,TBL,Brett,Connolly,1,06:32,07:30,3,,,517,14,#002868,0,8475792,Tampa Bay Lightning,1340048,TBL,,00:58
2011020389,TBL,Brett,Connolly,1,15:26,15:56,4,,,517,14,#002868,0,8475792,Tampa Bay Lightning,1340049,TBL,,00:30
2011020389,TBL,Brett,Connolly,2,04:16,05:36,5,,,517,14,#002868,0,8475792,Tampa Bay Lightning,1340050,TBL,,01:20
2011020389,TBL,Brett,Connolly,2,08:26,09:07,6,,,517,14,#002868,0,8475792,Tampa Bay Lightning,1340051,TBL,,00:41
2011020389,TBL,Brett,Connolly,2,12:07,12:55,7,,,517,14,#002868,0,8475792,Tampa Bay Lightning,1340052,TBL,,00:48
2011020389,TBL,Brett,Connolly,2,18:45,20:00,8,,,517,14,#002868,0,8475792,Tampa Bay Lightning,1340053,TBL,,01:15
2011020389,TBL,Brett,Connolly,3,01:49,02:40,9,,,517,14,#002868,0,8475792,Tampa Bay Lightning,1340054,TBL,,00:51
2011020389,TBL,Brett,Connolly,3,04:47,05:26,10,,,517,14,#002868,0,8475792,Tampa Bay Lightning,1340055,TBL,,00:39
2011020389,TBL,Brett,Connolly,3,11:33,12:22,11,,,517,14,#002868,0,8475792,Tampa Bay Lightning,1340056,TBL,,00:49
2011020389,TBL,Brett,Connolly,3,15:17,15:33,12,,,517,14,#002868,0,8475792,Tampa Bay Lightning,1340057,TBL,,00:16
