eventId,periodDescriptor,timeInPeriod,timeRemaining,situationCode,homeTeamDefendingSide,typeCode,typeDescKey,sortOrder,details,pptReplayUrl
6,"{'number': 1, 'periodType': 'REG', 'maxRegulationPeriods': 3}",00:00,20:00,,,520,period-start,5,,
7,"{'number': 1, 'periodType': 'REG', 'maxRegulationPeriods': 3}",00:00,20:00,1551,,502,faceoff,6,"{'eventOwnerTeamId': 19, 'losingPlayerId': 8473536, 'winningPlayerId': 8470655, 'xCoord': 0, 'yCoord': 0, 'zoneCode': 'N'}",
51,"{'number': 1, 'periodType': 'REG', 'maxRegulationPeriods': 3}",00:22,19:38,1551,,504,giveaway,7,"{'xCoord': 7, 'yCoord': 26, 'zoneCode': 'N', 'eventOwnerTeamId': 28, 'playerId': 8473536}",
52,"{'number': 1, 'periodType': 'REG', 'maxRegulationPeriods': 3}",00:43,19:17,1551,,504,giveaway,11,"{'xCoord': 96, 'yCoord': 11, 'zoneCode': 'D', 'eventOwnerTeamId': 28, 'playerId': 8474550}",
53,"{'number': 1, 'periodType': 'REG', 'maxRegulationPeriods': 3}",00:56,19:04,1551,,516,stoppage,12,{'reason': 'goalie-stopped-after-sog'},
8,"{'number': 1, 'periodType': 'REG', 'maxRegulationPeriods': 3}",00:56,19:04,1551,,507,missed-shot,13,"{'xCoord': -62, 'yCoord': -35, 'zoneCode': 'O', 'reason': 'wide-of-net', 'shotType': 'backhand', 'shootingPlayerId': 8474739, 'goalieInNetId': 8474596, 'eventOwnerTeamId': 28}",
9,"{'number': 1, 'periodType': 'REG', 'maxRegulationPeriods': 3}",00:56,19:04,1551,,502,faceoff,16,"{'eventOwnerTeamId': 19, 'losingPlayerId': 8473536, 'winningPlayerId': 8470655, 'xCoord': -69, 'yCoord': -21, 'zoneCode': 'D'}",
54,"{'number': 1, 'periodType': 'REG', 'maxRegulationPeriods': 3}",01:04,18:56,1551,,525,takeaway,17,"{'xCoord': -21, 'yCoord': 5, 'zoneCode': 'N', 'playerId': 8473536, 'eventOwnerTeamId': 28}",
55,"{'number': 1, 'periodType': 'REG', 'maxRegulationPeriods': 3}",01:05,18:55,1551,,516,stoppage,18,{'reason': 'hand-pass'},
10,"{'number': 1, 'periodType': 'REG', 'maxRegulationPeriods': 3}",01:05,18:55,1551,,502,faceoff,21,"{'eventOwnerTeamId': 19, 'losingPlayerId': 8470794, 'winningPlayerId': 8471669, 'xCoord': -69, 'yCoord': 21, 'zoneCode': 'D'}",
11,"{'number': 1, 'periodType': 'REG', 'maxRegulationPeriods': 3}",01:16,18:44,1551,,507,missed-shot,22,"{'xCoord': 66, 'yCoord': 5, 'zoneCode': 'O', 'reason': 'over-net', 'shotType': 'slap', 'shootingPlayerId': 8476436, 'goalieInNetId': 8474550, 'eventOwnerTeamId': 19}",
56,"{'number': 1, 'periodType': 'REG', 'maxRegulationPeriods': 3}",01:26,18:34,1551,,516,stoppage,24,{'reason': 'offside'},
12,"{'number': 1, 'periodType': 'REG', 'maxRegulationPeriods': 3}",01:26,18:34,1551,,502,faceoff,27,"{'eventOwnerTeamId': 28, 'losingPlayerId': 8470654, 'winningPlayerId': 8471956, 'xCoord': 0, 'yCoord': 0, 'zoneCode': 'N'}",
57,"{'number': 1, 'periodType': 'REG', 'maxRegulationPeriods': 3}",01:35,18:25,1551,,503,hit,28,"{'xCoord': -26, 'yCoord': 40, 'zoneCode': 'D', 'eventOwnerTeamId': 19, 'hittingPlayerId': 8468505, 'hitteePlayerId': 8476807}",
13,"{'number': 1, 'periodType': 'REG', 'maxRegulationPeriods': 3}",02:19,17:41,1551,,507,missed-shot,33,"{'xCoord': -66, 'yCoord': -38, 'zoneCode': 'O', 'reason': 'wide-of-net', 'shotType': 'backhand', 'shootingPlayerId': 8474739, 'goalieInNetId': 8474596, 'eventOwnerTeamId': 28}",
58,"{'number': 1, 'periodType': 'REG', 'maxRegulationPeriods': 3}",02:30,17:30,1551,,504,giveaway,36,"{'xCoord': 81, 'yCoord': -28, 'zoneCode': 'D', 'eventOwnerTeamId': 28, 'playerId': 8471709}",
14,"{'number': 1, 'periodType': 'REG', 'maxRegulationPeriods': 3}",02:35,17:25,1551,,508,blocked-shot,37,"{'xCoord': -73, 'yCoord': 21, 'zoneCode': 'D', 'blockingPlayerId': 8471761, 'shootingPlayerId': 8474053, 'eventOwnerTeamId': 28}",
59,"{'number': 1, 'periodType': 'REG', 'maxRegulationPeriods': 3}",02:36,17:24,1551,,516,stoppage,38,{'reason': 'puck-in-netting'},
15,"{'number': 1, 'periodType': 'REG', 'maxRegulationPeriods': 3}",02:36,17:24,1551,,502,faceoff,39,"{'eventOwnerTeamId': 19, 'losingPlayerId': 8474053, 'winningPlayerId': 8474627, 'xCoord': -69, 'yCoord': 21, 'zoneCode': 'D'}",
60,"{'number': 1, 'periodType': 'REG', 'maxRegulationPeriods': 3}",02:48,17:12,1551,,503,hit,40,"{'xCoord': -21, 'yCoord': 38, 'zoneCode': 'N', 'eventOwnerTeamId': 28, 'hittingPlayerId': 8466139, 'hitteePlayerId': 8471761}",
61,"{'number': 1, 'periodType': 'REG', 'maxRegulationPeriods': 3}",02:56,17:04,1551,,516,stoppage,41,{'reason': 'icing'},
16,"{'number': 1, 'periodType': 'REG', 'maxRegulationPeriods': 3}",02:56,17:04,1551,,502,faceoff,43,"{'eventOwnerTeamId': 28, 'losingPlayerId': 8470655, 'winningPlayerId': 8474053, 'xCoord': 69, 'yCoord': 21, 'zoneCode': 'D'}",
62,"{'number': 1, 'periodType': 'REG', 'maxRegulationPeriods': 3}",03:04,16:56,1551,,516,stoppage,44,{'reason': 'icing'},
17,"{'number': 1, 'periodType': 'REG', 'maxRegulationPeriods': 3}",03:04,16:56,1551,,502,faceoff,45,"{'eventOwnerTeamId': 19, 'losingPlayerId': 8474053, 'winningPlayerId': 8470655, 'xCoord': 69, 'yCoord': -22, 'zoneCode': 'O'}",
18,"{'number': 1, 'periodType': 'REG', 'maxRegulationPeriods': 3}",03:12,16:48,1551,,507,missed-shot,46,"{'xCoord': 79, 'yCoord': -1, 'zoneCode': 'O', 'reason': 'wide-of-net', 'shotType': 'tip-in', 'shootingPlayerId': 8470152, 'goalieInNetId': 8474550, 'eventOwnerTeamId': 19}",
63,"{'number': 1, 'periodType': 'REG', 'maxRegulationPeriods': 3}",03:30,16:30,1551,,516,stoppage,47,{'reason': 'goalie-stopped-after-sog'},
19,"{'number': 1, 'periodType': 'REG', 'maxRegulationPeriods': 3}",03:30,16:30,1551,,506,shot-on-goal,48,"{'xCoord': 77, 'yCoord': -10, 'zoneCode': 'O', 'shotType': 'wrist', 'shootingPlayerId': 8474031, 'goalieInNetId': 8474550, 'eventOwnerTeamId': 19, 'awaySOG': 1, 'homeSOG': 0}",
20,"{'number': 1, 'periodType': 'REG', 'maxRegulationPeriods': 3}",03:30,16:30,1551,,502,faceoff,51,"{'eventOwnerTeamId': 28, 'losingPlayerId': 8474627, 'winningPlayerId': 8466138, 'xCoord': 69, 'yCoord': -23, 'zoneCode': 'D'}",
64,"{'number': 1, 'periodType': 'REG', 'maxRegulationPeriods': 3}",03:43,16:17,1551,,503,hit,52,"{'xCoord': -89, 'yCoord': -37, 'zoneCode': 'O', 'eventOwnerTeamId': 28, 'hittingPlayerId': 8470794, 'hitteePlayerId': 8471761}",
21,"{'number': 1, 'periodType': 'REG', 'maxRegulationPeriods': 3}",03:49,16:11,1551,,508,blocked-shot,53,"{'xCoord': -62, 'yCoord': -15, 'zoneCode': 'D', 'blockingPlayerId': 8474565, 'shootingPlayerId': 8475455, 'eventOwnerTeamId': 28}",
65,"{'number': 1, 'periodType': 'REG', 'maxRegulationPeriods': 3}",03:56,16:04,1551,,503,hit,54,"{'xCoord': -7, 'yCoord': -40, 'zoneCode': 'N', 'eventOwnerTeamId': 19, 'hittingPlayerId': 8474627, 'hitteePlayerId': 8466138}",
22,"{'number': 1, 'periodType': 'REG', 'maxRegulationPeriods': 3}",04:21,15:39,1551,,506,shot-on-goal,58,"{'xCoord': 38, 'yCoord': 18, 'zoneCode': 'O', 'shotType': 'slap', 'shootingPlayerId': 8473534, 'goalieInNetId': 8474550, 'eventOwnerTeamId': 19, 'awaySOG': 2, 'homeSOG': 0}",
66,"{'number': 1, 'periodType': 'REG', 'maxRegulationPeriods': 3}",04:30,15:30,1551,,503,hit,60,"{'xCoord': -88, 'yCoord': 39, 'zoneCode': 'O', 'eventOwnerTeamId': 28, 'hittingPlayerId': 8473722, 'hitteePlayerId': 8467890}",
67,"{'number': 1, 'periodType': 'REG', 'maxRegulationPeriods': 3}",04:34,15:26,1551,,516,stoppage,61,{'reason': 'icing'},
23,"{'number': 1, 'periodType': 'REG', 'maxRegulationPeriods': 3}",04:34,15:26,1551,,502,faceoff,63,"{'eventOwnerTeamId': 19, 'losingPlayerId': 8470794, 'winningPlayerId': 8471669, 'xCoord': -69, 'yCoord': 21, 'zoneCode': 'D'}",
68,"{'number': 1, 'periodType': 'REG', 'maxRegulationPeriods': 3}",05:13,14:47,1551,,525,takeaway,68,"{'xCoord': 94, 'yCoord': -10, 'zoneCode': 'D', 'playerId': 8476881, 'eventOwnerTeamId': 28}",
69,"{'number': 1, 'periodType': 'REG', 'maxRegulationPeriods': 3}",05:19,14:41,1551,,516,stoppage,69,{'reason': 'goalie-stopped-after-sog'},
24,"{'number': 1, 'periodType': 'REG', 'maxRegulationPeriods': 3}",05:19,14:41,1551,,506,shot-on-goal,70,"{'xCoord': 76, 'yCoord': -14, 'zoneCode': 'O', 'shotType': 'wrist', 'shootingPlayerId': 8470655, 'goalieInNetId': 8474550, 'eventOwnerTeamId': 19, 'awaySOG': 3, 'homeSOG': 0}",
25,"{'number': 1, 'periodType': 'REG', 'maxRegulationPeriods': 3}",05:19,14:41,1551,,502,faceoff,73,"{'eventOwnerTeamId': 28, 'losingPlayerId': 8470654, 'winningPlayerId': 8471956, 'xCoord': 68, 'yCoord': -23, 'zoneCode': 'D'}",
70,"{'number': 1, 'periodType': 'REG', 'maxRegulationPeriods': 3}",05:27,14:33,1551,,516,stoppage,74,{'reason': 'puck-in-benches'},
26,"{'number': 1, 'periodType': 'REG', 'maxRegulationPeriods': 3}",05:27,14:33,1551,,502,faceoff,75,"{'eventOwnerTeamId': 19, 'losingPlayerId': 8471956, 'winningPlayerId': 8468505, 'xCoord': 69, 'yCoord': -22, 'zoneCode': 'O'}",
27,"{'number': 1, 'periodType': 'REG', 'maxRegulationPeriods': 3}",05:34,14:26,1551,,508,blocked-shot,76,"{'xCoord': 73, 'yCoord': -19, 'zoneCode': 'D', 'blockingPlayerId': 8466158, 'shootingPlayerId': 8470654, 'eventOwnerTeamId': 19}",
71,"{'number': 1, 'periodType': 'REG', 'maxRegulationPeriods': 3}",05:34,14:26,1551,,516,stoppage,77,{'reason': 'puck-in-netting'},
28,"{'number': 1, 'periodType': 'REG', 'maxRegulationPeriods': 3}",05:34,14:26,1551,,502,faceoff,78,"{'eventOwnerTeamId': 28, 'losingPlayerId': 8470654, 'winningPlayerId': 8471956, 'xCoord': 69, 'yCoord': -22, 'zoneCode': 'D'}",
72,"{'number': 1, 'periodType': 'REG', 'maxRegulationPeriods': 3}",05:43,14:17,1551,,516,stoppage,79,{'reason': 'puck-in-netting'},
29,"{'number': 1, 'periodType': 'REG', 'maxRegulationPeriods': 3}",05:43,14:17,1551,,507,missed-shot,80,"{'xCoord': 67, 'yCoord': -5, 'zoneCode': 'O', 'reason': 'wide-of-net', 'shotType': 'tip-in', 'shootingPlayerId': 8471817, 'goalieInNetId': 8474550, 'eventOwnerTeamId': 19}",
30,"{'number': 1, 'periodType': 'REG', 'maxRegulationPeriods': 3}",05:43,14:17,1551,,502,faceoff,83,"{'eventOwnerTeamId': 19, 'losingPlayerId': 8474053, 'winningPlayerId': 8474627, 'xCoord': 69, 'yCoord': -21, 'zoneCode': 'O'}",
31,"{'number': 1, 'periodType': 'REG', 'maxRegulationPeriods': 3}",05:51,14:09,1551,,508,blocked-shot,84,"{'xCoord': 69, 'yCoord': 15, 'zoneCode': 'D', 'blockingPlayerId': 8474053, 'shootingPlayerId': 8470151, 'eventOwnerTeamId': 19}",
73,"{'number': 1, 'periodType': 'REG', 'maxRegulationPeriods': 3}",06:09,13:51,1551,,503,hit,85,"{'xCoord': -13, 'yCoord': -37, 'zoneCode': 'N', 'eventOwnerTeamId': 19, 'hittingPlayerId': 8474627, 'hitteePlayerId': 8474053}",
74,"{'number': 1, 'periodType': 'REG', 'maxRegulationPeriods': 3}",07:22,12:38,1551,,503,hit,93,"{'xCoord': -90, 'yCoord': -39, 'zoneCode': 'O', 'eventOwnerTeamId': 28, 'hittingPlayerId': 8476881, 'hitteePlayerId': 8470655}",
32,"{'number': 1, 'periodType': 'REG', 'maxRegulationPeriods': 3}",07:31,12:29,1551,,506,shot-on-goal,95,"{'xCoord': 79, 'yCoord': 6, 'zoneCode': 'O', 'shotType': 'wrist', 'shootingPlayerId': 8471698, 'goalieInNetId': 8474550, 'eventOwnerTeamId': 19, 'awaySOG': 4, 'homeSOG': 0}",
75,"{'number': 1, 'periodType': 'REG', 'maxRegulationPeriods': 3}",07:47,12:13,1551,,504,giveaway,96,"{'xCoord': 35, 'yCoord': -29, 'zoneCode': 'D', 'eventOwnerTeamId': 28, 'playerId': 8466158}",
76,"{'number': 1, 'periodType': 'REG', 'maxRegulationPeriods': 3}",08:15,11:45,1551,,503,hit,105,"{'xCoord': -69, 'yCoord': 38, 'zoneCode': 'O', 'eventOwnerTeamId': 28, 'hittingPlayerId': 8474739, 'hitteePlayerId': 8475765}",
77,"{'number': 1, 'periodType': 'REG', 'maxRegulationPeriods': 3}",09:05,10:55,1551,,503,hit,111,"{'xCoord': -38, 'yCoord': -10, 'zoneCode': 'D', 'eventOwnerTeamId': 19, 'hittingPlayerId': 8468505, 'hitteePlayerId': 8475455}",
78,"{'number': 1, 'periodType': 'REG', 'maxRegulationPeriods': 3}",09:14,10:46,1551,,503,hit,112,"{'xCoord': -92, 'yCoord': 37, 'zoneCode': 'O', 'eventOwnerTeamId': 28, 'hittingPlayerId': 8473722, 'hitteePlayerId': 8474031}",
79,"{'number': 1, 'periodType': 'REG', 'maxRegulationPeriods': 3}",09:21,10:39,1551,,503,hit,113,"{'xCoord': -92, 'yCoord': -38, 'zoneCode': 'O', 'eventOwnerTeamId': 28, 'hittingPlayerId': 8471956, 'hitteePlayerId': 8474031}",
34,"{'number': 1, 'periodType': 'REG', 'maxRegulationPeriods': 3}",10:17,09:43,1551,,508,blocked-shot,118,"{'xCoord': 51, 'yCoord': 18, 'zoneCode': 'D', 'blockingPlayerId': 8476881, 'shootingPlayerId': 8471761, 'eventOwnerTeamId': 19}",
80,"{'number': 1, 'periodType': 'REG', 'maxRegulationPeriods': 3}",10:29,09:31,1551,,503,hit,120,"{'xCoord': -61, 'yCoord': -39, 'zoneCode': 'O', 'eventOwnerTeamId': 28, 'hittingPlayerId': 8470794, 'hitteePlayerId': 8476436}",
81,"{'number': 1, 'periodType': 'REG', 'maxRegulationPeriods': 3}",11:09,08:51,1551,,503,hit,125,"{'xCoord': -96, 'yCoord': 22, 'zoneCode': 'O', 'eventOwnerTeamId': 28, 'hittingPlayerId': 8477922, 'hitteePlayerId': 8474013}",
82,"{'number': 1, 'periodType': 'REG', 'maxRegulationPeriods': 3}",11:14,08:46,1551,,503,hit,126,"{'xCoord': -85, 'yCoord': 41, 'zoneCode': 'O', 'eventOwnerTeamId': 28, 'hittingPlayerId': 8470613, 'hitteePlayerId': 8470152}",
83,"{'number': 1, 'periodType': 'REG', 'maxRegulationPeriods': 3}",11:44,08:16,1551,,503,hit,130,"{'xCoord': 31, 'yCoord': 40, 'zoneCode': 'D', 'eventOwnerTeamId': 28, 'hittingPlayerId': 8474739, 'hitteePlayerId': 8475765}",
35,"{'number': 1, 'periodType': 'REG', 'maxRegulationPeriods': 3}",08:01,11:59,1551,,508,blocked-shot,131,"{'xCoord': -74, 'yCoord': 18, 'zoneCode': 'D', 'blockingPlayerId': 8467890, 'shootingPlayerId': 8474053, 'eventOwnerTeamId': 28}",
36,"{'number': 1, 'periodType': 'REG', 'maxRegulationPeriods': 3}",12:03,07:57,1551,,508,blocked-shot,136,"{'xCoord': 62, 'yCoord': 7, 'zoneCode': 'D', 'blockingPlayerId': 8471956, 'shootingPlayerId': 8470151, 'eventOwnerTeamId': 19}",
84,"{'number': 1, 'periodType': 'REG', 'maxRegulationPeriods': 3}",12:08,07:52,1551,,516,stoppage,138,"{'reason': 'goalie-stopped-after-sog', 'secondaryReason': 'tv-timeout'}",
37,"{'number': 1, 'periodType': 'REG', 'maxRegulationPeriods': 3}",12:07,07:53,1551,,506,shot-on-goal,139,"{'xCoord': 44, 'yCoord': -17, 'zoneCode': 'O', 'shotType': 'slap', 'shootingPlayerId': 8471761, 'goalieInNetId': 8474550, 'eventOwnerTeamId': 19, 'awaySOG': 5, 'homeSOG': 0}",
38,"{'number': 1, 'periodType': 'REG', 'maxRegulationPeriods': 3}",12:08,07:52,1551,,502,faceoff,142,"{'eventOwnerTeamId': 28, 'losingPlayerId': 8471669, 'winningPlayerId': 8466138, 'xCoord': 69, 'yCoord': -22, 'zoneCode': 'D'}",
85,"{'number': 1, 'periodType': 'REG', 'maxRegulationPeriods': 3}",12:29,07:31,1551,,516,stoppage,144,{'reason': 'referee-or-linesman'},
39,"{'number': 1, 'periodType': 'REG', 'maxRegulationPeriods': 3}",12:28,07:32,1551,,508,blocked-shot,145,"{'xCoord': -77, 'yCoord': -4, 'zoneCode': 'D', 'blockingPlayerId': 8476436, 'shootingPlayerId': 8476881, 'eventOwnerTeamId': 28}",
40,"{'number': 1, 'periodType': 'REG', 'maxRegulationPeriods': 3}",12:29,07:31,1551,,502,faceoff,148,"{'eventOwnerTeamId': 28, 'losingPlayerId': 8470655, 'winningPlayerId': 8473536, 'xCoord': -18, 'yCoord': -22, 'zoneCode': 'N'}",
41,"{'number': 1, 'periodType': 'REG', 'maxRegulationPeriods': 3}",12:35,07:25,1551,,508,blocked-shot,149,"{'xCoord': -20, 'yCoord': 27, 'zoneCode': 'N', 'blockingPlayerId': 8467890, 'shootingPlayerId': 8470613, 'eventOwnerTeamId': 28}",
42,"{'number': 1, 'periodType': 'REG', 'maxRegulationPeriods': 3}",12:42,07:18,1551,,507,missed-shot,150,"{'xCoord': -69, 'yCoord': -10, 'zoneCode': 'O', 'reason': 'wide-of-net', 'shotType': 'backhand', 'shootingPlayerId': 8473536, 'goalieInNetId': 8474596, 'eventOwnerTeamId': 28}",
43,"{'number': 1, 'periodType': 'REG', 'maxRegulationPeriods': 3}",12:48,07:12,1551,,508,blocked-shot,151,"{'xCoord': -33, 'yCoord': 27, 'zoneCode': 'D', 'blockingPlayerId': 8470655, 'shootingPlayerId': 8475455, 'eventOwnerTeamId': 28}",
86,"{'number': 1, 'periodType': 'REG', 'maxRegulationPeriods': 3}",13:02,06:58,1551,,503,hit,153,"{'xCoord': 71, 'yCoord': 39, 'zoneCode': 'D', 'eventOwnerTeamId': 28, 'hittingPlayerId': 8475455, 'hitteePlayerId': 8470655}",
87,"{'number': 1, 'periodType': 'REG', 'maxRegulationPeriods': 3}",13:31,06:29,1551,,516,stoppage,158,"{'reason': 'tv-timeout', 'secondaryReason': 'tv-timeout'}",
88,"{'number': 1, 'periodType': 'REG', 'maxRegulationPeriods': 3}",13:31,06:29,1551,,509,penalty,159,"{'xCoord': -18, 'yCoord': -40, 'zoneCode': 'N', 'typeCode': 'BEN', 'descKey': 'too-many-men-on-the-ice', 'duration': 2, 'servedByPlayerId': 8470152, 'eventOwnerTeamId': 19}",
44,"{'number': 1, 'periodType': 'REG', 'maxRegulationPeriods': 3}",13:31,06:29,1451,,502,faceoff,163,"{'eventOwnerTeamId': 28, 'losingPlayerId': 8470655, 'winningPlayerId': 8466138, 'xCoord': -68, 'yCoord': -22, 'zoneCode': 'O'}",
90,"{'number': 1, 'periodType': 'REG', 'maxRegulationPeriods': 3}",13:53,06:07,1451,,503,hit,165,"{'xCoord': -35, 'yCoord': 41, 'zoneCode': 'D', 'eventOwnerTeamId': 19, 'hittingPlayerId': 8470151, 'hitteePlayerId': 8466139}",
91,"{'number': 1, 'periodType': 'REG', 'maxRegulationPeriods': 3}",14:01,05:59,1451,,516,stoppage,166,{'reason': 'puck-in-netting'},
45,"{'number': 1, 'periodType': 'REG', 'maxRegulationPeriods': 3}",14:01,05:59,1451,,502,faceoff,168,"{'eventOwnerTeamId': 28, 'losingPlayerId': 8468505, 'winningPlayerId': 8470794, 'xCoord': -18, 'yCoord': 23, 'zoneCode': 'N'}",
92,"{'number': 1, 'periodType': 'REG', 'maxRegulationPeriods': 3}",14:28,05:32,1451,,525,takeaway,170,"{'xCoord': 98, 'yCoord': 29, 'zoneCode': 'D', 'playerId': 8470613, 'eventOwnerTeamId': 28}",
93,"{'number': 1, 'periodType': 'REG', 'maxRegulationPeriods': 3}",14:41,05:19,1451,,504,giveaway,173,"{'xCoord': -44, 'yCoord': 39, 'zoneCode': 'O', 'eventOwnerTeamId': 28, 'playerId': 8466138}",
94,"{'number': 1, 'periodType': 'REG', 'maxRegulationPeriods': 3}",15:06,04:54,1451,,504,giveaway,176,"{'xCoord': -95, 'yCoord': -17, 'zoneCode': 'D', 'eventOwnerTeamId': 19, 'playerId': 8474565}",
95,"{'number': 1, 'periodType': 'REG', 'maxRegulationPeriods': 3}",15:44,04:16,1551,,516,stoppage,182,{'reason': 'icing'},
46,"{'number': 1, 'periodType': 'REG', 'maxRegulationPeriods': 3}",15:44,04:16,1551,,502,faceoff,183,"{'eventOwnerTeamId': 19, 'losingPlayerId': 8477922, 'winningPlayerId': 8474627, 'xCoord': -68, 'yCoord': 22, 'zoneCode': 'D'}",
47,"{'number': 1, 'periodType': 'REG', 'maxRegulationPeriods': 3}",16:22,03:38,1551,,506,shot-on-goal,186,"{'xCoord': -60, 'yCoord': -35, 'zoneCode': 'O', 'shotType': 'wrist', 'shootingPlayerId': 8476624, 'goalieInNetId': 8474596, 'eventOwnerTeamId': 28, 'awaySOG': 5, 'homeSOG': 1}",
96,"{'number': 1, 'periodType': 'REG', 'maxRegulationPeriods': 3}",16:22,03:38,1551,,516,stoppage,187,"{'reason': 'goalie-stopped-after-sog', 'secondaryReason': 'tv-timeout'}",
48,"{'number': 1, 'periodType': 'REG', 'maxRegulationPeriods': 3}",16:26,03:34,1551,,502,faceoff,190,"{'eventOwnerTeamId': 28, 'losingPlayerId': 8470655, 'winningPlayerId': 8466138, 'xCoord': -70, 'yCoord': -21, 'zoneCode': 'O'}",
97,"{'number': 1, 'periodType': 'REG', 'maxRegulationPeriods': 3}",16:45,03:15,1551,,525,takeaway,191,"{'xCoord': -19, 'yCoord': 24, 'zoneCode': 'N', 'playerId': 8471698, 'eventOwnerTeamId': 19}",
49,"{'number': 1, 'periodType': 'REG', 'maxRegulationPeriods': 3}",16:50,03:10,1551,,507,missed-shot,192,"{'xCoord': 41, 'yCoord': 11, 'zoneCode': 'O', 'reason': 'wide-of-net', 'shotType': 'snap', 'shootingPlayerId': 8471698, 'goalieInNetId': 8474550, 'eventOwnerTeamId': 19}",
98,"{'number': 1, 'periodType': 'REG', 'maxRegulationPeriods': 3}",16:55,03:05,1551,,516,stoppage,193,{'reason': 'puck-in-netting'},
50,"{'number': 1, 'periodType': 'REG', 'maxRegulationPeriods': 3}",16:55,03:05,1551,,508,blocked-shot,194,"{'xCoord': 76, 'yCoord': -5, 'zoneCode': 'D', 'blockingPlayerId': 8475455, 'shootingPlayerId': 8470257, 'eventOwnerTeamId': 19}",
201,"{'number': 1, 'periodType': 'REG', 'maxRegulationPeriods': 3}",16:55,03:05,1551,,502,faceoff,197,"{'eventOwnerTeamId': 19, 'losingPlayerId': 8473536, 'winningPlayerId': 8471669, 'xCoord': 69, 'yCoord': -23, 'zoneCode': 'O'}",
99,"{'number': 1, 'periodType': 'REG', 'maxRegulationPeriods': 3}",17:22,02:38,1551,,516,stoppage,198,{'reason': 'puck-in-crowd'},
202,"{'number': 1, 'periodType': 'REG', 'maxRegulationPeriods': 3}",17:22,02:38,1551,,502,faceoff,201,"{'eventOwnerTeamId': 19, 'losingPlayerId': 8471956, 'winningPlayerId': 8470654, 'xCoord': 0, 'yCoord': 0, 'zoneCode': 'N'}",
203,"{'number': 1, 'periodType': 'REG', 'maxRegulationPeriods': 3}",17:48,02:12,1551,,507,missed-shot,202,"{'xCoord': -57, 'yCoord': 25, 'zoneCode': 'O', 'reason': 'wide-of-net', 'shotType': 'slap', 'shootingPlayerId': 8475775, 'goalieInNetId': 8474596, 'eventOwnerTeamId': 28}",
100,"{'number': 1, 'periodType': 'REG', 'maxRegulationPeriods': 3}",17:59,02:01,1551,,503,hit,204,"{'xCoord': 48, 'yCoord': -40, 'zoneCode': 'D', 'eventOwnerTeamId': 28, 'hittingPlayerId': 8475455, 'hitteePlayerId': 8471817}",
204,"{'number': 1, 'periodType': 'REG', 'maxRegulationPeriods': 3}",18:15,01:45,1551,,508,blocked-shot,206,"{'xCoord': -55, 'yCoord': 11, 'zoneCode': 'D', 'blockingPlayerId': 8471761, 'shootingPlayerId': 8473722, 'eventOwnerTeamId': 28}",
205,"{'number': 1, 'periodType': 'REG', 'maxRegulationPeriods': 3}",18:44,01:16,1551,,506,shot-on-goal,212,"{'xCoord': -83, 'yCoord': 7, 'zoneCode': 'O', 'shotType': 'wrist', 'shootingPlayerId': 8466139, 'goalieInNetId': 8474596, 'eventOwnerTeamId': 28, 'awaySOG': 5, 'homeSOG': 2}",
206,"{'number': 1, 'periodType': 'REG', 'maxRegulationPeriods': 3}",18:58,01:02,1551,,506,shot-on-goal,215,"{'xCoord': 62, 'yCoord': -23, 'zoneCode': 'O', 'shotType': 'wrist', 'shootingPlayerId': 8470257, 'goalieInNetId': 8474550, 'eventOwnerTeamId': 19, 'awaySOG': 6, 'homeSOG': 2}",
207,"{'number': 1, 'periodType': 'REG', 'maxRegulationPeriods': 3}",19:04,00:56,1551,,506,shot-on-goal,216,"{'xCoord': 57, 'yCoord': 2, 'zoneCode': 'O', 'shotType': 'slap', 'shootingPlayerId': 8474627, 'goalieInNetId': 8474550, 'eventOwnerTeamId': 19, 'awaySOG': 7, 'homeSOG': 2}",
252,"{'number': 1, 'periodType': 'REG', 'maxRegulationPeriods': 3}",19:09,00:51,1551,,503,hit,218,"{'xCoord': -40, 'yCoord': -36, 'zoneCode': 'O', 'eventOwnerTeamId': 28, 'hittingPlayerId': 8474053, 'hitteePlayerId': 8470257}",
253,"{'number': 1, 'periodType': 'REG', 'maxRegulationPeriods': 3}",19:14,00:46,1551,,504,giveaway,219,"{'xCoord': -40, 'yCoord': -39, 'zoneCode': 'O', 'eventOwnerTeamId': 28, 'playerId': 8474053}",
254,"{'number': 1, 'periodType': 'REG', 'maxRegulationPeriods': 3}",19:36,00:24,1551,,504,giveaway,225,"{'xCoord': -35, 'yCoord': 38, 'zoneCode': 'O', 'eventOwnerTeamId': 28, 'playerId': 8476807}",
208,"{'number': 1, 'periodType': 'REG', 'maxRegulationPeriods': 3}",19:50,00:10,1551,,506,shot-on-goal,228,"{'xCoord': 46, 'yCoord': -25, 'zoneCode': 'O', 'shotType': 'snap', 'shootingPlayerId': 8470655, 'goalieInNetId': 8474550, 'eventOwnerTeamId': 19, 'awaySOG': 8, 'homeSOG': 2}",
209,"{'number': 1, 'periodType': 'REG', 'maxRegulationPeriods': 3}",19:58,00:02,1551,,507,missed-shot,229,"{'xCoord': 58, 'yCoord': 10, 'zoneCode': 'O', 'reason': 'wide-of-net', 'shotType': 'backhand', 'shootingPlayerId': 8474565, 'goalieInNetId': 8474550, 'eventOwnerTeamId': 19}",
210,"{'number': 1, 'periodType': 'REG', 'maxRegulationPeriods': 3}",20:00,00:00,,,521,period-end,230,,
215,"{'number': 2, 'periodType': 'REG', 'maxRegulationPeriods': 3}",00:00,20:00,,,520,period-start,237,,
216,"{'number': 2, 'periodType': 'REG', 'maxRegulationPeriods': 3}",00:00,20:00,1551,,502,faceoff,238,"{'eventOwnerTeamId': 19, 'losingPlayerId': 8473536, 'winningPlayerId': 8470655, 'xCoord': 0, 'yCoord': 0, 'zoneCode': 'N'}",
256,"{'number': 2, 'periodType': 'REG', 'maxRegulationPeriods': 3}",00:12,19:48,1551,,516,stoppage,239,{'reason': 'offside'},
217,"{'number': 2, 'periodType': 'REG', 'maxRegulationPeriods': 3}",00:12,19:48,1551,,502,faceoff,240,"{'eventOwnerTeamId': 19, 'losingPlayerId': 8473536, 'winningPlayerId': 8470655, 'xCoord': 0, 'yCoord': 0, 'zoneCode': 'N'}",
218,"{'number': 2, 'periodType': 'REG', 'maxRegulationPeriods': 3}",00:28,19:32,1551,,507,missed-shot,241,"{'xCoord': -41, 'yCoord': 16, 'zoneCode': 'O', 'reason': 'wide-of-net', 'shotType': 'wrist', 'shootingPlayerId': 8470655, 'goalieInNetId': 8474550, 'eventOwnerTeamId': 19}",
257,"{'number': 2, 'periodType': 'REG', 'maxRegulationPeriods': 3}",00:29,19:31,1551,,503,hit,242,"{'xCoord': -62, 'yCoord': -39, 'zoneCode': 'D', 'eventOwnerTeamId': 28, 'hittingPlayerId': 8475455, 'hitteePlayerId': 8470152}",
258,"{'number': 2, 'periodType': 'REG', 'maxRegulationPeriods': 3}",01:03,18:57,1551,,504,giveaway,247,"{'xCoord': -53, 'yCoord': -35, 'zoneCode': 'D', 'eventOwnerTeamId': 28, 'playerId': 8475455}",
259,"{'number': 2, 'periodType': 'REG', 'maxRegulationPeriods': 3}",01:29,18:31,1551,,503,hit,250,"{'xCoord': 60, 'yCoord': 40, 'zoneCode': 'O', 'eventOwnerTeamId': 28, 'hittingPlayerId': 8474739, 'hitteePlayerId': 8474565}",
260,"{'number': 2, 'periodType': 'REG', 'maxRegulationPeriods': 3}",01:32,18:28,1551,,516,stoppage,251,{'reason': 'offside'},
219,"{'number': 2, 'periodType': 'REG', 'maxRegulationPeriods': 3}",01:32,18:28,1551,,502,faceoff,254,"{'eventOwnerTeamId': 19, 'losingPlayerId': 8466138, 'winningPlayerId': 8471669, 'xCoord': -19, 'yCoord': -22, 'zoneCode': 'N'}",
220,"{'number': 2, 'periodType': 'REG', 'maxRegulationPeriods': 3}",01:50,18:10,1551,,508,blocked-shot,255,"{'xCoord': 42, 'yCoord': -29, 'zoneCode': 'D', 'blockingPlayerId': 8467890, 'shootingPlayerId': 8474027, 'eventOwnerTeamId': 28}",
261,"{'number': 2, 'periodType': 'REG', 'maxRegulationPeriods': 3}",02:00,18:00,1551,,503,hit,256,"{'xCoord': -97, 'yCoord': -14, 'zoneCode': 'O', 'eventOwnerTeamId': 19, 'hittingPlayerId': 8471669, 'hitteePlayerId': 8474027}",
221,"{'number': 2, 'periodType': 'REG', 'maxRegulationPeriods': 3}",02:06,17:54,1551,,506,shot-on-goal,257,"{'xCoord': -35, 'yCoord': -28, 'zoneCode': 'O', 'shotType': 'wrist', 'shootingPlayerId': 8467890, 'goalieInNetId': 8474550, 'eventOwnerTeamId': 19, 'awaySOG': 9, 'homeSOG': 2}",
262,"{'number': 2, 'periodType': 'REG', 'maxRegulationPeriods': 3}",02:06,17:54,1551,,516,stoppage,258,{'reason': 'goalie-stopped-after-sog'},
222,"{'number': 2, 'periodType': 'REG', 'maxRegulationPeriods': 3}",02:06,17:54,1551,,502,faceoff,261,"{'eventOwnerTeamId': 19, 'losingPlayerId': 8474053, 'winningPlayerId': 8474627, 'xCoord': -68, 'yCoord': -22, 'zoneCode': 'O'}",
223,"{'number': 2, 'periodType': 'REG', 'maxRegulationPeriods': 3}",02:10,17:50,1551,,508,blocked-shot,262,"{'xCoord': -55, 'yCoord': -12, 'zoneCode': 'D', 'blockingPlayerId': 8470613, 'shootingPlayerId': 8475765, 'eventOwnerTeamId': 19}",
263,"{'number': 2, 'periodType': 'REG', 'maxRegulationPeriods': 3}",02:14,17:46,1551,,503,hit,263,"{'xCoord': -17, 'yCoord': 39, 'zoneCode': 'N', 'eventOwnerTeamId': 28, 'hittingPlayerId': 8474739, 'hitteePlayerId': 8475765}",
224,"{'number': 2, 'periodType': 'REG', 'maxRegulationPeriods': 3}",02:22,17:38,1551,,508,blocked-shot,264,"{'xCoord': -67, 'yCoord': -22, 'zoneCode': 'D', 'blockingPlayerId': 8475455, 'shootingPlayerId': 8474627, 'eventOwnerTeamId': 19}",
264,"{'number': 2, 'periodType': 'REG', 'maxRegulationPeriods': 3}",02:22,17:38,1551,,503,hit,265,"{'xCoord': -62, 'yCoord': -39, 'zoneCode': 'D', 'eventOwnerTeamId': 28, 'hittingPlayerId': 8475455, 'hitteePlayerId': 8474627}",
265,"{'number': 2, 'periodType': 'REG', 'maxRegulationPeriods': 3}",02:31,17:29,1551,,504,giveaway,266,"{'xCoord': 57, 'yCoord': -38, 'zoneCode': 'O', 'eventOwnerTeamId': 28, 'playerId': 8466139}",
225,"{'number': 2, 'periodType': 'REG', 'maxRegulationPeriods': 3}",02:38,17:22,1551,,506,shot-on-goal,267,"{'xCoord': 79, 'yCoord': -22, 'zoneCode': 'O', 'shotType': 'wrist', 'shootingPlayerId': 8466139, 'goalieInNetId': 8474596, 'eventOwnerTeamId': 28, 'awaySOG': 9, 'homeSOG': 3}",
226,"{'number': 2, 'periodType': 'REG', 'maxRegulationPeriods': 3}",02:42,17:18,1551,,506,shot-on-goal,268,"{'xCoord': 39, 'yCoord': 27, 'zoneCode': 'O', 'shotType': 'slap', 'shootingPlayerId': 8475455, 'goalieInNetId': 8474596, 'eventOwnerTeamId': 28, 'awaySOG': 9, 'homeSOG': 4}",
266,"{'number': 2, 'periodType': 'REG', 'maxRegulationPeriods': 3}",02:42,17:18,1551,,516,stoppage,269,{'reason': 'puck-in-netting'},
227,"{'number': 2, 'periodType': 'REG', 'maxRegulationPeriods': 3}",02:41,17:19,1551,,507,missed-shot,270,"{'xCoord': 72, 'yCoord': 0, 'zoneCode': 'O', 'reason': 'wide-of-net', 'shotType': 'tip-in', 'shootingPlayerId': 8474053, 'goalieInNetId': 8474596, 'eventOwnerTeamId': 28}",
228,"{'number': 2, 'periodType': 'REG', 'maxRegulationPeriods': 3}",02:42,17:18,1551,,502,faceoff,273,"{'eventOwnerTeamId': 28, 'losingPlayerId': 8470654, 'winningPlayerId': 8471956, 'xCoord': 71, 'yCoord': 21, 'zoneCode': 'O'}",
229,"{'number': 2, 'periodType': 'REG', 'maxRegulationPeriods': 3}",02:49,17:11,1551,,506,shot-on-goal,274,"{'xCoord': 82, 'yCoord': 11, 'zoneCode': 'O', 'shotType': 'tip-in', 'shootingPlayerId': 8475775, 'goalieInNetId': 8474596, 'eventOwnerTeamId': 28, 'awaySOG': 9, 'homeSOG': 5}",
267,"{'number': 2, 'periodType': 'REG', 'maxRegulationPeriods': 3}",02:53,17:07,1551,,516,stoppage,275,{'reason': 'goalie-stopped-after-sog'},
230,"{'number': 2, 'periodType': 'REG', 'maxRegulationPeriods': 3}",02:52,17:08,1551,,506,shot-on-goal,276,"{'xCoord': 84, 'yCoord': 8, 'zoneCode': 'O', 'shotType': 'wrist', 'shootingPlayerId': 8473722, 'goalieInNetId': 8474596, 'eventOwnerTeamId': 28, 'awaySOG': 9, 'homeSOG': 6}",
231,"{'number': 2, 'periodType': 'REG', 'maxRegulationPeriods': 3}",02:53,17:07,1551,,502,faceoff,279,"{'eventOwnerTeamId': 28, 'losingPlayerId': 8468505, 'winningPlayerId': 8477922, 'xCoord': 69, 'yCoord': -22, 'zoneCode': 'O'}",
232,"{'number': 2, 'periodType': 'REG', 'maxRegulationPeriods': 3}",03:09,16:51,1551,,506,shot-on-goal,280,"{'xCoord': 58, 'yCoord': -25, 'zoneCode': 'O', 'shotType': 'snap', 'shootingPlayerId': 8476624, 'goalieInNetId': 8474596, 'eventOwnerTeamId': 28, 'awaySOG': 9, 'homeSOG': 7}",
268,"{'number': 2, 'periodType': 'REG', 'maxRegulationPeriods': 3}",03:09,16:51,1551,,516,stoppage,281,{'reason': 'goalie-stopped-after-sog'},
233,"{'number': 2, 'periodType': 'REG', 'maxRegulationPeriods': 3}",03:09,16:51,1551,,502,faceoff,282,"{'eventOwnerTeamId': 19, 'losingPlayerId': 8477922, 'winningPlayerId': 8468505, 'xCoord': 69, 'yCoord': -23, 'zoneCode': 'D'}",
269,"{'number': 2, 'periodType': 'REG', 'maxRegulationPeriods': 3}",03:49,16:11,1551,,503,hit,286,"{'xCoord': -14, 'yCoord': -1, 'zoneCode': 'N', 'eventOwnerTeamId': 28, 'hittingPlayerId': 8471709, 'hitteePlayerId': 8471698}",
234,"{'number': 2, 'periodType': 'REG', 'maxRegulationPeriods': 3}",04:17,15:43,1551,,507,missed-shot,292,"{'xCoord': -72, 'yCoord': -19, 'zoneCode': 'O', 'reason': 'wide-of-net', 'shotType': 'wrist', 'shootingPlayerId': 8470151, 'goalieInNetId': 8474550, 'eventOwnerTeamId': 19}",
270,"{'number': 2, 'periodType': 'REG', 'maxRegulationPeriods': 3}",04:24,15:36,1551,,503,hit,293,"{'xCoord': -96, 'yCoord': -33, 'zoneCode': 'O', 'eventOwnerTeamId': 19, 'hittingPlayerId': 8476436, 'hitteePlayerId': 8470794}",
235,"{'number': 2, 'periodType': 'REG', 'maxRegulationPeriods': 3}",04:45,15:15,1551,,507,missed-shot,295,"{'xCoord': 39, 'yCoord': -15, 'zoneCode': 'O', 'reason': 'wide-of-net', 'shotType': 'slap', 'shootingPlayerId': 8470613, 'goalieInNetId': 8474596, 'eventOwnerTeamId': 28}",
236,"{'number': 2, 'periodType': 'REG', 'maxRegulationPeriods': 3}",04:51,15:09,1551,,507,missed-shot,296,"{'xCoord': 64, 'yCoord': -1, 'zoneCode': 'O', 'reason': 'wide-of-net', 'shotType': 'tip-in', 'shootingPlayerId': 8470794, 'goalieInNetId': 8474596, 'eventOwnerTeamId': 28}",
271,"{'number': 2, 'periodType': 'REG', 'maxRegulationPeriods': 3}",05:06,14:54,1551,,516,stoppage,301,{'reason': 'offside'},
237,"{'number': 2, 'periodType': 'REG', 'maxRegulationPeriods': 3}",05:09,14:51,1551,,502,faceoff,303,"{'eventOwnerTeamId': 19, 'losingPlayerId': 8474053, 'winningPlayerId': 8474627, 'xCoord': -19, 'yCoord': 24, 'zoneCode': 'N'}",
272,"{'number': 2, 'periodType': 'REG', 'maxRegulationPeriods': 3}",05:12,14:48,1551,,503,hit,304,"{'xCoord': -22, 'yCoord': -41, 'zoneCode': 'N', 'eventOwnerTeamId': 28, 'hittingPlayerId': 8474739, 'hitteePlayerId': 8471761}",
238,"{'number': 2, 'periodType': 'REG', 'maxRegulationPeriods': 3}",05:22,14:38,1551,,507,missed-shot,305,"{'xCoord': -60, 'yCoord': -9, 'zoneCode': 'O', 'reason': 'wide-of-net', 'shotType': 'wrist', 'shootingPlayerId': 8474627, 'goalieInNetId': 8474550, 'eventOwnerTeamId': 19}",
240,"{'number': 2, 'periodType': 'REG', 'maxRegulationPeriods': 3}",05:47,14:13,1560,,506,shot-on-goal,308,"{'xCoord': 44, 'yCoord': -18, 'zoneCode': 'O', 'shotType': 'wrist', 'shootingPlayerId': 8474027, 'goalieInNetId': 8474596, 'eventOwnerTeamId': 28, 'awaySOG': 9, 'homeSOG': 8}",
273,"{'number': 2, 'periodType': 'REG', 'maxRegulationPeriods': 3}",05:47,14:13,1560,,509,penalty,309,"{'xCoord': -70, 'yCoord': 40, 'zoneCode': 'O', 'typeCode': 'MIN', 'descKey': 'high-sticking', 'duration': 2, 'committedByPlayerId': 8474627, 'drawnByPlayerId': 8474053, 'eventOwnerTeamId': 19}",
241,"{'number': 2, 'periodType': 'REG', 'maxRegulationPeriods': 3}",05:47,14:13,1451,,502,faceoff,313,"{'eventOwnerTeamId': 28, 'losingPlayerId': 8470654, 'winningPlayerId': 8466138, 'xCoord': 69, 'yCoord': 22, 'zoneCode': 'O'}",
242,"{'number': 2, 'periodType': 'REG', 'maxRegulationPeriods': 3}",05:54,14:06,1451,,506,shot-on-goal,314,"{'xCoord': 67, 'yCoord': -29, 'zoneCode': 'O', 'shotType': 'slap', 'shootingPlayerId': 8474053, 'goalieInNetId': 8474596, 'eventOwnerTeamId': 28, 'awaySOG': 9, 'homeSOG': 9}",
275,"{'number': 2, 'periodType': 'REG', 'maxRegulationPeriods': 3}",05:58,14:02,1451,,516,stoppage,315,{'reason': 'puck-in-benches'},
243,"{'number': 2, 'periodType': 'REG', 'maxRegulationPeriods': 3}",05:58,14:02,1451,,502,faceoff,317,"{'eventOwnerTeamId': 28, 'losingPlayerId': 8470257, 'winningPlayerId': 8470794, 'xCoord': 68, 'yCoord': -22, 'zoneCode': 'O'}",
244,"{'number': 2, 'periodType': 'REG', 'maxRegulationPeriods': 3}",06:08,13:52,1451,,506,shot-on-goal,318,"{'xCoord': 80, 'yCoord': -11, 'zoneCode': 'O', 'shotType': 'wrist', 'shootingPlayerId': 8474053, 'goalieInNetId': 8474596, 'eventOwnerTeamId': 28, 'awaySOG': 9, 'homeSOG': 10}",
245,"{'number': 2, 'periodType': 'REG', 'maxRegulationPeriods': 3}",06:18,13:42,1451,,506,shot-on-goal,319,"{'xCoord': -9, 'yCoord': 0, 'zoneCode': 'N', 'shotType': 'slap', 'shootingPlayerId': 8470257, 'goalieInNetId': 8474550, 'eventOwnerTeamId': 19, 'awaySOG': 10, 'homeSOG': 10}",
246,"{'number': 2, 'periodType': 'REG', 'maxRegulationPeriods': 3}",06:30,13:30,1451,,506,shot-on-goal,321,"{'xCoord': 55, 'yCoord': -8, 'zoneCode': 'O', 'shotType': 'wrist', 'shootingPlayerId': 8470794, 'goalieInNetId': 8474596, 'eventOwnerTeamId': 28, 'awaySOG': 10, 'homeSOG': 11}",
276,"{'number': 2, 'periodType': 'REG', 'maxRegulationPeriods': 3}",06:30,13:30,1451,,516,stoppage,322,{'reason': 'puck-in-netting'},
247,"{'number': 2, 'periodType': 'REG', 'maxRegulationPeriods': 3}",06:30,13:30,1451,,502,faceoff,325,"{'eventOwnerTeamId': 19, 'losingPlayerId': 8473536, 'winningPlayerId': 8468505, 'xCoord': 69, 'yCoord': -23, 'zoneCode': 'D'}",
248,"{'number': 2, 'periodType': 'REG', 'maxRegulationPeriods': 3}",06:56,13:04,1451,,507,missed-shot,326,"{'xCoord': 47, 'yCoord': -35, 'zoneCode': 'O', 'reason': 'wide-of-net', 'shotType': 'wrist', 'shootingPlayerId': 8476807, 'goalieInNetId': 8474596, 'eventOwnerTeamId': 28}",
277,"{'number': 2, 'periodType': 'REG', 'maxRegulationPeriods': 3}",06:56,13:04,1451,,516,stoppage,327,{'reason': 'goalie-stopped-after-sog'},
249,"{'number': 2, 'periodType': 'REG', 'maxRegulationPeriods': 3}",06:56,13:04,1451,,502,faceoff,330,"{'eventOwnerTeamId': 19, 'losingPlayerId': 8470794, 'winningPlayerId': 8470257, 'xCoord': 69, 'yCoord': -21, 'zoneCode': 'D'}",
250,"{'number': 2, 'periodType': 'REG', 'maxRegulationPeriods': 3}",07:22,12:38,1451,,508,blocked-shot,332,"{'xCoord': 53, 'yCoord': -20, 'zoneCode': 'D', 'blockingPlayerId': 8470655, 'shootingPlayerId': 8470613, 'eventOwnerTeamId': 28}",
401,"{'number': 2, 'periodType': 'REG', 'maxRegulationPeriods': 3}",07:29,12:31,1451,,506,shot-on-goal,333,"{'xCoord': 76, 'yCoord': -6, 'zoneCode': 'O', 'shotType': 'wrist', 'shootingPlayerId': 8466139, 'goalieInNetId': 8474596, 'eventOwnerTeamId': 28, 'awaySOG': 10, 'homeSOG': 12}",
278,"{'number': 2, 'periodType': 'REG', 'maxRegulationPeriods': 3}",07:30,12:30,1451,,516,stoppage,334,{'reason': 'goalie-stopped-after-sog'},
402,"{'number': 2, 'periodType': 'REG', 'maxRegulationPeriods': 3}",07:29,12:31,1451,,506,shot-on-goal,335,"{'xCoord': 75, 'yCoord': -3, 'zoneCode': 'O', 'shotType': 'wrist', 'shootingPlayerId': 8470794, 'goalieInNetId': 8474596, 'eventOwnerTeamId': 28, 'awaySOG': 10, 'homeSOG': 13}",
403,"{'number': 2, 'periodType': 'REG', 'maxRegulationPeriods': 3}",07:30,12:30,1451,,502,faceoff,337,"{'eventOwnerTeamId': 28, 'losingPlayerId': 8468505, 'winningPlayerId': 8470794, 'xCoord': 69, 'yCoord': -20, 'zoneCode': 'O'}",
404,"{'number': 2, 'periodType': 'REG', 'maxRegulationPeriods': 3}",07:39,12:21,1451,,506,shot-on-goal,338,"{'xCoord': 47, 'yCoord': -24, 'zoneCode': 'O', 'shotType': 'slap', 'shootingPlayerId': 8470613, 'goalieInNetId': 8474596, 'eventOwnerTeamId': 28, 'awaySOG': 10, 'homeSOG': 14}",
279,"{'number': 2, 'periodType': 'REG', 'maxRegulationPeriods': 3}",07:53,12:07,1551,,516,stoppage,342,{'reason': 'icing'},
405,"{'number': 2, 'periodType': 'REG', 'maxRegulationPeriods': 3}",07:53,12:07,1551,,502,faceoff,344,"{'eventOwnerTeamId': 19, 'losingPlayerId': 8473536, 'winningPlayerId': 8474627, 'xCoord': -70, 'yCoord': -23, 'zoneCode': 'O'}",
406,"{'number': 2, 'periodType': 'REG', 'maxRegulationPeriods': 3}",08:03,11:57,1551,,508,blocked-shot,345,"{'xCoord': -66, 'yCoord': -19, 'zoneCode': 'D', 'blockingPlayerId': 8470613, 'shootingPlayerId': 8475765, 'eventOwnerTeamId': 19}",
280,"{'number': 2, 'periodType': 'REG', 'maxRegulationPeriods': 3}",08:12,11:48,1551,,503,hit,346,"{'xCoord': 7, 'yCoord': -37, 'zoneCode': 'N', 'eventOwnerTeamId': 19, 'hittingPlayerId': 8470257, 'hitteePlayerId': 8473536}",
407,"{'number': 2, 'periodType': 'REG', 'maxRegulationPeriods': 3}",08:15,11:45,1551,,506,shot-on-goal,348,"{'xCoord': 68, 'yCoord': -13, 'zoneCode': 'O', 'shotType': 'wrist', 'shootingPlayerId': 8477922, 'goalieInNetId': 8474596, 'eventOwnerTeamId': 28, 'awaySOG': 10, 'homeSOG': 15}",
281,"{'number': 2, 'periodType': 'REG', 'maxRegulationPeriods': 3}",08:26,11:34,1551,,503,hit,350,"{'xCoord': 68, 'yCoord': -41, 'zoneCode': 'O', 'eventOwnerTeamId': 28, 'hittingPlayerId': 8473536, 'hitteePlayerId': 8471761}",
408,"{'number': 2, 'periodType': 'REG', 'maxRegulationPeriods': 3}",08:31,11:29,1551,,506,shot-on-goal,353,"{'xCoord': -60, 'yCoord': 5, 'zoneCode': 'O', 'shotType': 'snap', 'shootingPlayerId': 8475765, 'goalieInNetId': 8474550, 'eventOwnerTeamId': 19, 'awaySOG': 11, 'homeSOG': 15}",
282,"{'number': 2, 'periodType': 'REG', 'maxRegulationPeriods': 3}",08:31,11:29,1551,,516,stoppage,354,"{'reason': 'goalie-stopped-after-sog', 'secondaryReason': 'tv-timeout'}",
409,"{'number': 2, 'periodType': 'REG', 'maxRegulationPeriods': 3}",08:31,11:29,1551,,502,faceoff,357,"{'eventOwnerTeamId': 19, 'losingPlayerId': 8466138, 'winningPlayerId': 8471669, 'xCoord': -68, 'yCoord': 21, 'zoneCode': 'O'}",
410,"{'number': 2, 'periodType': 'REG', 'maxRegulationPeriods': 3}",08:44,11:16,1551,,507,missed-shot,358,"{'xCoord': -48, 'yCoord': -35, 'zoneCode': 'O', 'reason': 'wide-of-net', 'shotType': 'wrist', 'shootingPlayerId': 8474031, 'goalieInNetId': 8474550, 'eventOwnerTeamId': 19}",
411,"{'number': 2, 'periodType': 'REG', 'maxRegulationPeriods': 3}",08:57,11:03,1551,,506,shot-on-goal,359,"{'xCoord': -40, 'yCoord': -31, 'zoneCode': 'O', 'shotType': 'wrist', 'shootingPlayerId': 8474031, 'goalieInNetId': 8474550, 'eventOwnerTeamId': 19, 'awaySOG': 12, 'homeSOG': 15}",
283,"{'number': 2, 'periodType': 'REG', 'maxRegulationPeriods': 3}",08:57,11:03,1551,,516,stoppage,360,{'reason': 'goalie-stopped-after-sog'},
412,"{'number': 2, 'periodType': 'REG', 'maxRegulationPeriods': 3}",08:57,11:03,1551,,502,faceoff,363,"{'eventOwnerTeamId': 28, 'losingPlayerId': 8470655, 'winningPlayerId': 8473536, 'xCoord': -68, 'yCoord': -22, 'zoneCode': 'D'}",
413,"{'number': 2, 'periodType': 'REG', 'maxRegulationPeriods': 3}",09:04,10:56,1551,,507,missed-shot,364,"{'xCoord': -41, 'yCoord': 6, 'zoneCode': 'O', 'reason': 'wide-of-net', 'shotType': 'slap', 'shootingPlayerId': 8474013, 'goalieInNetId': 8474550, 'eventOwnerTeamId': 19}",
284,"{'number': 2, 'periodType': 'REG', 'maxRegulationPeriods': 3}",09:34,10:26,1551,,503,hit,367,"{'xCoord': 14, 'yCoord': -18, 'zoneCode': 'N', 'eventOwnerTeamId': 19, 'hittingPlayerId': 8474013, 'hitteePlayerId': 8475775}",
285,"{'number': 2, 'periodType': 'REG', 'maxRegulationPeriods': 3}",09:40,10:20,1551,,516,stoppage,369,{'reason': 'icing'},
414,"{'number': 2, 'periodType': 'REG', 'maxRegulationPeriods': 3}",09:40,10:20,1551,,502,faceoff,370,"{'eventOwnerTeamId': 19, 'losingPlayerId': 8474739, 'winningPlayerId': 8474627, 'xCoord': 70, 'yCoord': -23, 'zoneCode': 'D'}",
415,"{'number': 2, 'periodType': 'REG', 'maxRegulationPeriods': 3}",09:54,10:06,1551,,508,blocked-shot,372,"{'xCoord': 51, 'yCoord': -1, 'zoneCode': 'D', 'blockingPlayerId': 8467890, 'shootingPlayerId': 8474739, 'eventOwnerTeamId': 28}",
416,"{'number': 2, 'periodType': 'REG', 'maxRegulationPeriods': 3}",10:47,09:13,1551,,505,goal,381,"{'xCoord': 83, 'yCoord': 17, 'zoneCode': 'O', 'shotType': 'wrist', 'scoringPlayerId': 8471956, 'scoringPlayerTotal': 2, 'assist1PlayerId': 8474027, 'assist1PlayerTotal': 12, 'assist2PlayerId': 8475775, 'assist2PlayerTotal': 3, 'eventOwnerTeamId': 28, 'goalieInNetId': 8474596, 'awayScore': 0, 'homeScore': 1}",
417,"{'number': 2, 'periodType': 'REG', 'maxRegulationPeriods': 3}",10:47,09:13,1551,,502,faceoff,384,"{'eventOwnerTeamId': 28, 'losingPlayerId': 8471669, 'winningPlayerId': 8470794, 'xCoord': 0, 'yCoord': 0, 'zoneCode': 'N'}",
418,"{'number': 2, 'periodType': 'REG', 'maxRegulationPeriods': 3}",11:10,08:50,1551,,507,missed-shot,385,"{'xCoord': 51, 'yCoord': 0, 'zoneCode': 'O', 'reason': 'wide-of-net', 'shotType': 'wrist', 'shootingPlayerId': 8476881, 'goalieInNetId': 8474596, 'eventOwnerTeamId': 28}",
286,"{'number': 2, 'periodType': 'REG', 'maxRegulationPeriods': 3}",11:14,08:46,1551,,525,takeaway,386,"{'xCoord': 37, 'yCoord': 39, 'zoneCode': 'O', 'playerId': 8466138, 'eventOwnerTeamId': 28}",
287,"{'number': 2, 'periodType': 'REG', 'maxRegulationPeriods': 3}",11:28,08:32,1551,,503,hit,389,"{'xCoord': -96, 'yCoord': 25, 'zoneCode': 'O', 'eventOwnerTeamId': 19, 'hittingPlayerId': 8471669, 'hitteePlayerId': 8476881}",
419,"{'number': 2, 'periodType': 'REG', 'maxRegulationPeriods': 3}",12:04,07:56,1551,,506,shot-on-goal,392,"{'xCoord': -45, 'yCoord': 19, 'zoneCode': 'O', 'shotType': 'snap', 'shootingPlayerId': 8474565, 'goalieInNetId': 8474550, 'eventOwnerTeamId': 19, 'awaySOG': 13, 'homeSOG': 15}",
288,"{'number': 2, 'periodType': 'REG', 'maxRegulationPeriods': 3}",12:19,07:41,1551,,516,stoppage,393,{'reason': 'icing'},
420,"{'number': 2, 'periodType': 'REG', 'maxRegulationPeriods': 3}",12:19,07:41,1551,,502,faceoff,395,"{'eventOwnerTeamId': 28, 'losingPlayerId': 8474627, 'winningPlayerId': 8470794, 'xCoord': -69, 'yCoord': -22, 'zoneCode': 'D'}",
289,"{'number': 2, 'periodType': 'REG', 'maxRegulationPeriods': 3}",12:25,07:35,1551,,516,stoppage,396,{'reason': 'icing'},
421,"{'number': 2, 'periodType': 'REG', 'maxRegulationPeriods': 3}",12:25,07:35,1551,,502,faceoff,397,"{'eventOwnerTeamId': 28, 'losingPlayerId': 8474627, 'winningPlayerId': 8470794, 'xCoord': -69, 'yCoord': -22, 'zoneCode': 'D'}",
422,"{'number': 2, 'periodType': 'REG', 'maxRegulationPeriods': 3}",13:04,06:56,1551,,506,shot-on-goal,400,"{'xCoord': 53, 'yCoord': 1, 'zoneCode': 'O', 'shotType': 'snap', 'shootingPlayerId': 8466139, 'goalieInNetId': 8474596, 'eventOwnerTeamId': 28, 'awaySOG': 13, 'homeSOG': 16}",
290,"{'number': 2, 'periodType': 'REG', 'maxRegulationPeriods': 3}",13:17,06:43,1551,,504,giveaway,404,"{'xCoord': -47, 'yCoord': 38, 'zoneCode': 'D', 'eventOwnerTeamId': 28, 'playerId': 8466139}",
291,"{'number': 2, 'periodType': 'REG', 'maxRegulationPeriods': 3}",13:26,06:34,1551,,503,hit,406,"{'xCoord': -78, 'yCoord': -38, 'zoneCode': 'O', 'eventOwnerTeamId': 19, 'hittingPlayerId': 8471817, 'hitteePlayerId': 8475455}",
292,"{'number': 2, 'periodType': 'REG', 'maxRegulationPeriods': 3}",13:38,06:22,1551,,503,hit,410,"{'xCoord': -51, 'yCoord': -40, 'zoneCode': 'O', 'eventOwnerTeamId': 19, 'hittingPlayerId': 8468505, 'hitteePlayerId': 8477922}",
293,"{'number': 2, 'periodType': 'REG', 'maxRegulationPeriods': 3}",13:44,06:16,1551,,503,hit,411,"{'xCoord': -97, 'yCoord': -14, 'zoneCode': 'O', 'eventOwnerTeamId': 19, 'hittingPlayerId': 8468505, 'hitteePlayerId': 8474027}",
294,"{'number': 2, 'periodType': 'REG', 'maxRegulationPeriods': 3}",14:05,05:55,1551,,504,giveaway,416,"{'xCoord': -44, 'yCoord': 39, 'zoneCode': 'D', 'eventOwnerTeamId': 28, 'playerId': 8470794}",
295,"{'number': 2, 'periodType': 'REG', 'maxRegulationPeriods': 3}",14:13,05:47,1551,,525,takeaway,418,"{'xCoord': -68, 'yCoord': -39, 'zoneCode': 'D', 'playerId': 8470794, 'eventOwnerTeamId': 28}",
423,"{'number': 2, 'periodType': 'REG', 'maxRegulationPeriods': 3}",14:29,05:31,1551,,506,shot-on-goal,421,"{'xCoord': -40, 'yCoord': 20, 'zoneCode': 'O', 'shotType': 'slap', 'shootingPlayerId': 8474565, 'goalieInNetId': 8474550, 'eventOwnerTeamId': 19, 'awaySOG': 14, 'homeSOG': 16}",
424,"{'number': 2, 'periodType': 'REG', 'maxRegulationPeriods': 3}",14:29,05:31,1551,,505,goal,422,"{'xCoord': -67, 'yCoord': -12, 'zoneCode': 'O', 'shotType': 'backhand', 'scoringPlayerId': 8473534, 'scoringPlayerTotal': 4, 'assist1PlayerId': 8474565, 'assist1PlayerTotal': 17, 'assist2PlayerId': 8476436, 'assist2PlayerTotal': 1, 'eventOwnerTeamId': 19, 'goalieInNetId': 8474550, 'awayScore': 1, 'homeScore': 1}",
425,"{'number': 2, 'periodType': 'REG', 'maxRegulationPeriods': 3}",14:29,05:31,1551,,502,faceoff,425,"{'eventOwnerTeamId': 19, 'losingPlayerId': 8473536, 'winningPlayerId': 8470655, 'xCoord': 0, 'yCoord': 0, 'zoneCode': 'N'}",
296,"{'number': 2, 'periodType': 'REG', 'maxRegulationPeriods': 3}",14:43,05:17,1551,,503,hit,426,"{'xCoord': 79, 'yCoord': -37, 'zoneCode': 'D', 'eventOwnerTeamId': 19, 'hittingPlayerId': 8471761, 'hitteePlayerId': 8476624}",
426,"{'number': 2, 'periodType': 'REG', 'maxRegulationPeriods': 3}",15:28,04:32,1551,,507,missed-shot,431,"{'xCoord': -51, 'yCoord': 3, 'zoneCode': 'O', 'reason': 'over-net', 'shotType': 'wrist', 'shootingPlayerId': 8475765, 'goalieInNetId': 8474550, 'eventOwnerTeamId': 19}",
297,"{'number': 2, 'periodType': 'REG', 'maxRegulationPeriods': 3}",15:32,04:28,1551,,504,giveaway,432,"{'xCoord': -75, 'yCoord': -36, 'zoneCode': 'D', 'eventOwnerTeamId': 28, 'playerId': 8474739}",
298,"{'number': 2, 'periodType': 'REG', 'maxRegulationPeriods': 3}",15:41,04:19,1551,,503,hit,434,"{'xCoord': 30, 'yCoord': -39, 'zoneCode': 'O', 'eventOwnerTeamId': 28, 'hittingPlayerId': 8474739, 'hitteePlayerId': 8470151}",
299,"{'number': 2, 'periodType': 'REG', 'maxRegulationPeriods': 3}",15:54,04:06,1551,,503,hit,438,"{'xCoord': -15, 'yCoord': 39, 'zoneCode': 'N', 'eventOwnerTeamId': 28, 'hittingPlayerId': 8466139, 'hitteePlayerId': 8475765}",
427,"{'number': 2, 'periodType': 'REG', 'maxRegulationPeriods': 3}",16:01,03:59,1551,,507,missed-shot,439,"{'xCoord': 61, 'yCoord': 20, 'zoneCode': 'O', 'reason': 'wide-of-net', 'shotType': 'backhand', 'shootingPlayerId': 8470794, 'goalieInNetId': 8474596, 'eventOwnerTeamId': 28}",
300,"{'number': 2, 'periodType': 'REG', 'maxRegulationPeriods': 3}",16:05,03:55,1551,,516,stoppage,440,"{'reason': 'offside', 'secondaryReason': 'tv-timeout'}",
428,"{'number': 2, 'periodType': 'REG', 'maxRegulationPeriods': 3}",16:05,03:55,1551,,502,faceoff,443,"{'eventOwnerTeamId': 28, 'losingPlayerId': 8471669, 'winningPlayerId': 8470794, 'xCoord': 19, 'yCoord': -23, 'zoneCode': 'N'}",
429,"{'number': 2, 'periodType': 'REG', 'maxRegulationPeriods': 3}",16:46,03:14,1551,,507,missed-shot,446,"{'xCoord': -58, 'yCoord': 33, 'zoneCode': 'O', 'reason': 'wide-of-net', 'shotType': 'wrist', 'shootingPlayerId': 8468505, 'goalieInNetId': 8474550, 'eventOwnerTeamId': 19}",
430,"{'number': 2, 'periodType': 'REG', 'maxRegulationPeriods': 3}",17:15,02:45,1551,,508,blocked-shot,450,"{'xCoord': 59, 'yCoord': -27, 'zoneCode': 'D', 'blockingPlayerId': 8474013, 'shootingPlayerId': 8470613, 'eventOwnerTeamId': 28}",
431,"{'number': 2, 'periodType': 'REG', 'maxRegulationPeriods': 3}",17:21,02:39,1551,,505,goal,452,"{'xCoord': -63, 'yCoord': -1, 'zoneCode': 'O', 'shotType': 'wrist', 'scoringPlayerId': 8468505, 'scoringPlayerTotal': 1, 'assist1PlayerId': 8470654, 'assist1PlayerTotal': 6, 'assist2PlayerId': 8474013, 'assist2PlayerTotal': 2, 'eventOwnerTeamId': 19, 'goalieInNetId': 8474550, 'awayScore': 2, 'homeScore': 1}",
432,"{'number': 2, 'periodType': 'REG', 'maxRegulationPeriods': 3}",17:23,02:37,1551,,502,faceoff,455,"{'eventOwnerTeamId': 28, 'losingPlayerId': 8470655, 'winningPlayerId': 8473536, 'xCoord': 0, 'yCoord': 0, 'zoneCode': 'N'}",
501,"{'number': 2, 'periodType': 'REG', 'maxRegulationPeriods': 3}",17:34,02:26,1551,,503,hit,456,"{'xCoord': 47, 'yCoord': 38, 'zoneCode': 'O', 'eventOwnerTeamId': 28, 'hittingPlayerId': 8475775, 'hitteePlayerId': 8471698}",
433,"{'number': 2, 'periodType': 'REG', 'maxRegulationPeriods': 3}",17:43,02:17,1551,,508,blocked-shot,457,"{'xCoord': 57, 'yCoord': 18, 'zoneCode': 'D', 'blockingPlayerId': 8470655, 'shootingPlayerId': 8471709, 'eventOwnerTeamId': 28}",
434,"{'number': 2, 'periodType': 'REG', 'maxRegulationPeriods': 3}",17:53,02:07,1551,,506,shot-on-goal,458,"{'xCoord': 37, 'yCoord': -21, 'zoneCode': 'O', 'shotType': 'slap', 'shootingPlayerId': 8474027, 'goalieInNetId': 8474596, 'eventOwnerTeamId': 28, 'awaySOG': 14, 'homeSOG': 17}",
502,"{'number': 2, 'periodType': 'REG', 'maxRegulationPeriods': 3}",17:56,02:04,1551,,503,hit,459,"{'xCoord': 87, 'yCoord': -38, 'zoneCode': 'O', 'eventOwnerTeamId': 28, 'hittingPlayerId': 8475775, 'hitteePlayerId': 8467890}",
435,"{'number': 2, 'periodType': 'REG', 'maxRegulationPeriods': 3}",18:24,01:36,1551,,508,blocked-shot,464,"{'xCoord': -46, 'yCoord': -1, 'zoneCode': 'D', 'blockingPlayerId': 8473536, 'shootingPlayerId': 8470152, 'eventOwnerTeamId': 19}",
436,"{'number': 2, 'periodType': 'REG', 'maxRegulationPeriods': 3}",18:32,01:28,1551,,507,missed-shot,467,"{'xCoord': -70, 'yCoord': -5, 'zoneCode': 'O', 'reason': 'wide-of-net', 'shotType': 'tip-in', 'shootingPlayerId': 8470257, 'goalieInNetId': 8474550, 'eventOwnerTeamId': 19}",
503,"{'number': 2, 'periodType': 'REG', 'maxRegulationPeriods': 3}",18:49,01:11,1551,,503,hit,471,"{'xCoord': 64, 'yCoord': 40, 'zoneCode': 'O', 'eventOwnerTeamId': 28, 'hittingPlayerId': 8474739, 'hitteePlayerId': 8474031}",
437,"{'number': 2, 'periodType': 'REG', 'maxRegulationPeriods': 3}",18:56,01:04,1551,,506,shot-on-goal,472,"{'xCoord': -18, 'yCoord': -28, 'zoneCode': 'N', 'shotType': 'slap', 'shootingPlayerId': 8470151, 'goalieInNetId': 8474550, 'eventOwnerTeamId': 19, 'awaySOG': 15, 'homeSOG': 17}",
504,"{'number': 2, 'periodType': 'REG', 'maxRegulationPeriods': 3}",18:56,01:04,1551,,516,stoppage,473,"{'reason': 'goalie-stopped-after-sog', 'secondaryReason': 'tv-timeout'}",
438,"{'number': 2, 'periodType': 'REG', 'maxRegulationPeriods': 3}",18:56,01:04,1551,,502,faceoff,476,"{'eventOwnerTeamId': 19, 'losingPlayerId': 8470794, 'winningPlayerId': 8471669, 'xCoord': -69, 'yCoord': -22, 'zoneCode': 'O'}",
439,"{'number': 2, 'periodType': 'REG', 'maxRegulationPeriods': 3}",19:35,00:25,1551,,506,shot-on-goal,477,"{'xCoord': 76, 'yCoord': 2, 'zoneCode': 'O', 'shotType': 'tip-in', 'shootingPlayerId': 8476881, 'goalieInNetId': 8474596, 'eventOwnerTeamId': 28, 'awaySOG': 15, 'homeSOG': 18}",
440,"{'number': 2, 'periodType': 'REG', 'maxRegulationPeriods': 3}",20:00,00:00,,,521,period-end,482,,
445,"{'number': 3, 'periodType': 'REG', 'maxRegulationPeriods': 3}",00:00,20:00,,,520,period-start,488,,
446,"{'number': 3, 'periodType': 'REG', 'maxRegulationPeriods': 3}",00:00,20:00,1551,,502,faceoff,490,"{'eventOwnerTeamId': 28, 'losingPlayerId': 8470655, 'winningPlayerId': 8473536, 'xCoord': 0, 'yCoord': 0, 'zoneCode': 'N'}",
447,"{'number': 3, 'periodType': 'REG', 'maxRegulationPeriods': 3}",00:14,19:46,1551,,508,blocked-shot,491,"{'xCoord': 72, 'yCoord': -25, 'zoneCode': 'D', 'blockingPlayerId': 8470613, 'shootingPlayerId': 8471698, 'eventOwnerTeamId': 19}",
505,"{'number': 3, 'periodType': 'REG', 'maxRegulationPeriods': 3}",00:30,19:30,1551,,504,giveaway,492,"{'xCoord': 54, 'yCoord': -39, 'zoneCode': 'O', 'eventOwnerTeamId': 19, 'playerId': 8471698}",
448,"{'number': 3, 'periodType': 'REG', 'maxRegulationPeriods': 3}",00:37,19:23,1551,,506,shot-on-goal,495,"{'xCoord': -58, 'yCoord': -21, 'zoneCode': 'O', 'shotType': 'wrist', 'shootingPlayerId': 8476624, 'goalieInNetId': 8474596, 'eventOwnerTeamId': 28, 'awaySOG': 15, 'homeSOG': 19}",
506,"{'number': 3, 'periodType': 'REG', 'maxRegulationPeriods': 3}",00:39,19:21,1551,,516,stoppage,496,{'reason': 'goalie-stopped-after-sog'},
449,"{'number': 3, 'periodType': 'REG', 'maxRegulationPeriods': 3}",00:39,19:21,1551,,502,faceoff,499,"{'eventOwnerTeamId': 19, 'losingPlayerId': 8474053, 'winningPlayerId': 8474627, 'xCoord': -68, 'yCoord': -23, 'zoneCode': 'D'}",
507,"{'number': 3, 'periodType': 'REG', 'maxRegulationPeriods': 3}",01:26,18:34,1551,,525,takeaway,506,"{'xCoord': 20, 'yCoord': 14, 'zoneCode': 'N', 'playerId': 8471669, 'eventOwnerTeamId': 19}",
508,"{'number': 3, 'periodType': 'REG', 'maxRegulationPeriods': 3}",01:41,18:19,1551,,504,giveaway,509,"{'xCoord': -43, 'yCoord': -16, 'zoneCode': 'D', 'eventOwnerTeamId': 19, 'playerId': 8467890}",
509,"{'number': 3, 'periodType': 'REG', 'maxRegulationPeriods': 3}",01:49,18:11,1551,,503,hit,510,"{'xCoord': -67, 'yCoord': -40, 'zoneCode': 'D', 'eventOwnerTeamId': 19, 'hittingPlayerId': 8473534, 'hitteePlayerId': 8470794}",
450,"{'number': 3, 'periodType': 'REG', 'maxRegulationPeriods': 3}",02:12,17:48,1551,,507,missed-shot,514,"{'xCoord': 4, 'yCoord': 1, 'zoneCode': 'N', 'reason': 'over-net', 'shotType': 'snap', 'shootingPlayerId': 8471956, 'goalieInNetId': 8474596, 'eventOwnerTeamId': 28}",
510,"{'number': 3, 'periodType': 'REG', 'maxRegulationPeriods': 3}",02:19,17:41,1551,,503,hit,515,"{'xCoord': -35, 'yCoord': 38, 'zoneCode': 'D', 'eventOwnerTeamId': 19, 'hittingPlayerId': 8468505, 'hitteePlayerId': 8473722}",
602,"{'number': 3, 'periodType': 'REG', 'maxRegulationPeriods': 3}",02:39,17:21,1551,,507,missed-shot,516,"{'xCoord': -70, 'yCoord': -12, 'zoneCode': 'O', 'reason': 'wide-of-net', 'shotType': 'tip-in', 'shootingPlayerId': 8473722, 'goalieInNetId': 8474596, 'eventOwnerTeamId': 28}",
511,"{'number': 3, 'periodType': 'REG', 'maxRegulationPeriods': 3}",02:49,17:11,1551,,503,hit,517,"{'xCoord': -48, 'yCoord': 39, 'zoneCode': 'D', 'eventOwnerTeamId': 19, 'hittingPlayerId': 8470654, 'hitteePlayerId': 8473722}",
603,"{'number': 3, 'periodType': 'REG', 'maxRegulationPeriods': 3}",03:13,16:47,1551,,506,shot-on-goal,522,"{'xCoord': 40, 'yCoord': -24, 'zoneCode': 'O', 'shotType': 'snap', 'shootingPlayerId': 8470655, 'goalieInNetId': 8474550, 'eventOwnerTeamId': 19, 'awaySOG': 16, 'homeSOG': 19}",
512,"{'number': 3, 'periodType': 'REG', 'maxRegulationPeriods': 3}",03:27,16:33,1551,,516,stoppage,524,{'reason': 'offside'},
604,"{'number': 3, 'periodType': 'REG', 'maxRegulationPeriods': 3}",03:27,16:33,1551,,502,faceoff,527,"{'eventOwnerTeamId': 28, 'losingPlayerId': 8474627, 'winningPlayerId': 8474053, 'xCoord': -18, 'yCoord': 23, 'zoneCode': 'N'}",
513,"{'number': 3, 'periodType': 'REG', 'maxRegulationPeriods': 3}",04:19,15:41,1551,,525,takeaway,531,"{'xCoord': -86, 'yCoord': -34, 'zoneCode': 'D', 'playerId': 8470151, 'eventOwnerTeamId': 19}",
514,"{'number': 3, 'periodType': 'REG', 'maxRegulationPeriods': 3}",04:28,15:32,1551,,503,hit,533,"{'xCoord': 97, 'yCoord': -15, 'zoneCode': 'O', 'eventOwnerTeamId': 19, 'hittingPlayerId': 8476436, 'hitteePlayerId': 8475455}",
515,"{'number': 3, 'periodType': 'REG', 'maxRegulationPeriods': 3}",04:41,15:19,1551,,516,stoppage,534,{'reason': 'goalie-stopped-after-sog'},
606,"{'number': 3, 'periodType': 'REG', 'maxRegulationPeriods': 3}",04:41,15:19,1551,,508,blocked-shot,535,"{'xCoord': -43, 'yCoord': -2, 'zoneCode': 'D', 'blockingPlayerId': 8474031, 'shootingPlayerId': 8466138, 'eventOwnerTeamId': 28}",
607,"{'number': 3, 'periodType': 'REG', 'maxRegulationPeriods': 3}",04:41,15:19,1551,,506,shot-on-goal,536,"{'xCoord': -56, 'yCoord': 0, 'zoneCode': 'D', 'shotType': 'wrist', 'shootingPlayerId': 8470151, 'goalieInNetId': 8474550, 'eventOwnerTeamId': 19, 'awaySOG': 17, 'homeSOG': 19}",
608,"{'number': 3, 'periodType': 'REG', 'maxRegulationPeriods': 3}",04:40,15:20,1551,,508,blocked-shot,538,"{'xCoord': -67, 'yCoord': -5, 'zoneCode': 'D', 'blockingPlayerId': 8470151, 'shootingPlayerId': 8470794, 'eventOwnerTeamId': 28}",
612,"{'number': 3, 'periodType': 'REG', 'maxRegulationPeriods': 3}",04:41,15:19,1551,,506,shot-on-goal,539,"{'xCoord': -38, 'yCoord': -32, 'zoneCode': 'O', 'shotType': 'slap', 'shootingPlayerId': 8475455, 'goalieInNetId': 8474596, 'eventOwnerTeamId': 28, 'awaySOG': 17, 'homeSOG': 20}",
611,"{'number': 3, 'periodType': 'REG', 'maxRegulationPeriods': 3}",04:41,15:19,1551,,502,faceoff,540,"{'eventOwnerTeamId': 19, 'losingPlayerId': 8466138, 'winningPlayerId': 8470655, 'xCoord': -68, 'yCoord': -21, 'zoneCode': 'D'}",
516,"{'number': 3, 'periodType': 'REG', 'maxRegulationPeriods': 3}",05:18,14:42,1551,,516,stoppage,546,{'reason': 'puck-in-netting'},
613,"{'number': 3, 'periodType': 'REG', 'maxRegulationPeriods': 3}",05:18,14:42,1551,,508,blocked-shot,547,"{'xCoord': 66, 'yCoord': 14, 'zoneCode': 'O', 'blockingPlayerId': 8470152, 'shootingPlayerId': 8477922, 'eventOwnerTeamId': 28}",
614,"{'number': 3, 'periodType': 'REG', 'maxRegulationPeriods': 3}",05:18,14:42,1551,,502,faceoff,550,"{'eventOwnerTeamId': 28, 'losingPlayerId': 8474627, 'winningPlayerId': 8474053, 'xCoord': 69, 'yCoord': 21, 'zoneCode': 'D'}",
517,"{'number': 3, 'periodType': 'REG', 'maxRegulationPeriods': 3}",05:36,14:24,1551,,504,giveaway,551,"{'xCoord': 64, 'yCoord': 4, 'zoneCode': 'O', 'eventOwnerTeamId': 19, 'playerId': 8474627}",
615,"{'number': 3, 'periodType': 'REG', 'maxRegulationPeriods': 3}",05:40,14:20,1551,,506,shot-on-goal,552,"{'xCoord': -57, 'yCoord': -30, 'zoneCode': 'O', 'shotType': 'snap', 'shootingPlayerId': 8474053, 'goalieInNetId': 8474596, 'eventOwnerTeamId': 28, 'awaySOG': 17, 'homeSOG': 21}",
518,"{'number': 3, 'periodType': 'REG', 'maxRegulationPeriods': 3}",05:40,14:20,1551,,516,stoppage,553,{'reason': 'goalie-stopped-after-sog'},
616,"{'number': 3, 'periodType': 'REG', 'maxRegulationPeriods': 3}",05:40,14:20,1551,,502,faceoff,556,"{'eventOwnerTeamId': 28, 'losingPlayerId': 8470655, 'winningPlayerId': 8476624, 'xCoord': -66, 'yCoord': -22, 'zoneCode': 'O'}",
617,"{'number': 3, 'periodType': 'REG', 'maxRegulationPeriods': 3}",05:45,14:15,1551,,506,shot-on-goal,557,"{'xCoord': -75, 'yCoord': -22, 'zoneCode': 'O', 'shotType': 'wrist', 'shootingPlayerId': 8473536, 'goalieInNetId': 8474596, 'eventOwnerTeamId': 28, 'awaySOG': 17, 'homeSOG': 22}",
519,"{'number': 3, 'periodType': 'REG', 'maxRegulationPeriods': 3}",05:45,14:15,1551,,516,stoppage,558,{'reason': 'goalie-stopped-after-sog'},
618,"{'number': 3, 'periodType': 'REG', 'maxRegulationPeriods': 3}",05:45,14:15,1551,,502,faceoff,559,"{'eventOwnerTeamId': 19, 'losingPlayerId': 8473536, 'winningPlayerId': 8470655, 'xCoord': -69, 'yCoord': -22, 'zoneCode': 'D'}",
520,"{'number': 3, 'periodType': 'REG', 'maxRegulationPeriods': 3}",05:53,14:07,1551,,516,stoppage,560,{'reason': 'icing'},
619,"{'number': 3, 'periodType': 'REG', 'maxRegulationPeriods': 3}",05:53,14:07,1551,,502,faceoff,562,"{'eventOwnerTeamId': 28, 'losingPlayerId': 8468505, 'winningPlayerId': 8466138, 'xCoord': -68, 'yCoord': 23, 'zoneCode': 'O'}",
620,"{'number': 3, 'periodType': 'REG', 'maxRegulationPeriods': 3}",05:58,14:02,1551,,508,blocked-shot,563,"{'xCoord': -44, 'yCoord': -21, 'zoneCode': 'D', 'blockingPlayerId': 8471698, 'shootingPlayerId': 8470613, 'eventOwnerTeamId': 28}",
621,"{'number': 3, 'periodType': 'REG', 'maxRegulationPeriods': 3}",06:10,13:50,1551,,506,shot-on-goal,564,"{'xCoord': -61, 'yCoord': 10, 'zoneCode': 'O', 'shotType': 'wrist', 'shootingPlayerId': 8470794, 'goalieInNetId': 8474596, 'eventOwnerTeamId': 28, 'awaySOG': 17, 'homeSOG': 23}",
622,"{'number': 3, 'periodType': 'REG', 'maxRegulationPeriods': 3}",06:49,13:11,1551,,508,blocked-shot,567,"{'xCoord': 66, 'yCoord': 21, 'zoneCode': 'D', 'blockingPlayerId': 8474739, 'shootingPlayerId': 8476436, 'eventOwnerTeamId': 19}",
521,"{'number': 3, 'periodType': 'REG', 'maxRegulationPeriods': 3}",07:27,12:33,1551,,516,stoppage,572,"{'reason': 'offside', 'secondaryReason': 'tv-timeout'}",
623,"{'number': 3, 'periodType': 'REG', 'maxRegulationPeriods': 3}",07:27,12:33,1551,,502,faceoff,576,"{'eventOwnerTeamId': 19, 'losingPlayerId': 8474053, 'winningPlayerId': 8474627, 'xCoord': -19, 'yCoord': -22, 'zoneCode': 'N'}",
522,"{'number': 3, 'periodType': 'REG', 'maxRegulationPeriods': 3}",07:50,12:10,1551,,516,stoppage,577,{'reason': 'icing'},
624,"{'number': 3, 'periodType': 'REG', 'maxRegulationPeriods': 3}",07:50,12:10,1551,,502,faceoff,579,"{'eventOwnerTeamId': 28, 'losingPlayerId': 8470654, 'winningPlayerId': 8474053, 'xCoord': 69, 'yCoord': -22, 'zoneCode': 'D'}",
523,"{'number': 3, 'periodType': 'REG', 'maxRegulationPeriods': 3}",08:07,11:53,1551,,516,stoppage,580,{'reason': 'icing'},
625,"{'number': 3, 'periodType': 'REG', 'maxRegulationPeriods': 3}",08:07,11:53,1551,,502,faceoff,582,"{'eventOwnerTeamId': 19, 'losingPlayerId': 8474053, 'winningPlayerId': 8470655, 'xCoord': 69, 'yCoord': 20, 'zoneCode': 'O'}",
626,"{'number': 3, 'periodType': 'REG', 'maxRegulationPeriods': 3}",08:14,11:46,1551,,508,blocked-shot,583,"{'xCoord': 46, 'yCoord': 23, 'zoneCode': 'D', 'blockingPlayerId': 8471709, 'shootingPlayerId': 8470152, 'eventOwnerTeamId': 19}",
627,"{'number': 3, 'periodType': 'REG', 'maxRegulationPeriods': 3}",08:21,11:39,1551,,508,blocked-shot,584,"{'xCoord': 39, 'yCoord': 24, 'zoneCode': 'D', 'blockingPlayerId': 8474027, 'shootingPlayerId': 8470151, 'eventOwnerTeamId': 19}",
628,"{'number': 3, 'periodType': 'REG', 'maxRegulationPeriods': 3}",08:29,11:31,1551,,506,shot-on-goal,586,"{'xCoord': 55, 'yCoord': 21, 'zoneCode': 'O', 'shotType': 'wrist', 'shootingPlayerId': 8470655, 'goalieInNetId': 8474550, 'eventOwnerTeamId': 19, 'awaySOG': 18, 'homeSOG': 23}",
524,"{'number': 3, 'periodType': 'REG', 'maxRegulationPeriods': 3}",08:31,11:29,1551,,516,stoppage,587,{'reason': 'icing'},
629,"{'number': 3, 'periodType': 'REG', 'maxRegulationPeriods': 3}",08:31,11:29,1551,,502,faceoff,590,"{'eventOwnerTeamId': 28, 'losingPlayerId': 8471669, 'winningPlayerId': 8474053, 'xCoord': 69, 'yCoord': 23, 'zoneCode': 'D'}",
525,"{'number': 3, 'periodType': 'REG', 'maxRegulationPeriods': 3}",08:45,11:15,1551,,525,takeaway,591,"{'xCoord': 16, 'yCoord': 38, 'zoneCode': 'N', 'playerId': 8470151, 'eventOwnerTeamId': 19}",
526,"{'number': 3, 'periodType': 'REG', 'maxRegulationPeriods': 3}",08:58,11:02,1551,,504,giveaway,594,"{'xCoord': -48, 'yCoord': 34, 'zoneCode': 'D', 'eventOwnerTeamId': 19, 'playerId': 8476436}",
527,"{'number': 3, 'periodType': 'REG', 'maxRegulationPeriods': 3}",09:03,10:57,1551,,503,hit,596,"{'xCoord': 97, 'yCoord': -10, 'zoneCode': 'O', 'eventOwnerTeamId': 19, 'hittingPlayerId': 8476436, 'hitteePlayerId': 8466158}",
528,"{'number': 3, 'periodType': 'REG', 'maxRegulationPeriods': 3}",09:07,10:53,1551,,503,hit,597,"{'xCoord': 96, 'yCoord': 11, 'zoneCode': 'D', 'eventOwnerTeamId': 28, 'hittingPlayerId': 8466158, 'hitteePlayerId': 8476436}",
630,"{'number': 3, 'periodType': 'REG', 'maxRegulationPeriods': 3}",10:19,09:41,1551,,506,shot-on-goal,601,"{'xCoord': -42, 'yCoord': 34, 'zoneCode': 'O', 'shotType': 'slap', 'shootingPlayerId': 8470613, 'goalieInNetId': 8474596, 'eventOwnerTeamId': 28, 'awaySOG': 18, 'homeSOG': 24}",
529,"{'number': 3, 'periodType': 'REG', 'maxRegulationPeriods': 3}",11:04,08:56,1551,,503,hit,608,"{'xCoord': -90, 'yCoord': 39, 'zoneCode': 'O', 'eventOwnerTeamId': 28, 'hittingPlayerId': 8466139, 'hitteePlayerId': 8470151}",
530,"{'number': 3, 'periodType': 'REG', 'maxRegulationPeriods': 3}",11:09,08:51,1551,,525,takeaway,609,"{'xCoord': -89, 'yCoord': 19, 'zoneCode': 'D', 'playerId': 8470655, 'eventOwnerTeamId': 19}",
532,"{'number': 3, 'periodType': 'REG', 'maxRegulationPeriods': 3}",11:12,08:48,1551,,516,stoppage,611,{'reason': 'icing'},
631,"{'number': 3, 'periodType': 'REG', 'maxRegulationPeriods': 3}",11:12,08:48,1551,,502,faceoff,612,"{'eventOwnerTeamId': 28, 'losingPlayerId': 8470655, 'winningPlayerId': 8466138, 'xCoord': -69, 'yCoord': -21, 'zoneCode': 'O'}",
533,"{'number': 3, 'periodType': 'REG', 'maxRegulationPeriods': 3}",11:36,08:24,1551,,503,hit,613,"{'xCoord': -90, 'yCoord': -37, 'zoneCode': 'O', 'eventOwnerTeamId': 28, 'hittingPlayerId': 8466138, 'hitteePlayerId': 8474031}",
534,"{'number': 3, 'periodType': 'REG', 'maxRegulationPeriods': 3}",11:39,08:21,1551,,516,stoppage,614,{'reason': 'icing'},
632,"{'number': 3, 'periodType': 'REG', 'maxRegulationPeriods': 3}",11:39,08:21,1551,,502,faceoff,616,"{'eventOwnerTeamId': 19, 'losingPlayerId': 8466139, 'winningPlayerId': 8470655, 'xCoord': -69, 'yCoord': -21, 'zoneCode': 'D'}",
633,"{'number': 3, 'periodType': 'REG', 'maxRegulationPeriods': 3}",12:20,07:40,1551,,507,missed-shot,624,"{'xCoord': -78, 'yCoord': 5, 'zoneCode': 'O', 'reason': 'wide-of-net', 'shotType': 'tip-in', 'shootingPlayerId': 8474053, 'goalieInNetId': 8474596, 'eventOwnerTeamId': 28}",
535,"{'number': 3, 'periodType': 'REG', 'maxRegulationPeriods': 3}",12:27,07:33,1551,,516,stoppage,626,{'reason': 'icing'},
634,"{'number': 3, 'periodType': 'REG', 'maxRegulationPeriods': 3}",12:27,07:33,1551,,502,faceoff,628,"{'eventOwnerTeamId': 19, 'losingPlayerId': 8466138, 'winningPlayerId': 8471669, 'xCoord': -68, 'yCoord': 23, 'zoneCode': 'D'}",
536,"{'number': 3, 'periodType': 'REG', 'maxRegulationPeriods': 3}",12:35,07:25,1551,,525,takeaway,629,"{'xCoord': -67, 'yCoord': 40, 'zoneCode': 'O', 'playerId': 8466138, 'eventOwnerTeamId': 28}",
537,"{'number': 3, 'periodType': 'REG', 'maxRegulationPeriods': 3}",13:34,06:26,1551,,525,takeaway,639,"{'xCoord': 0, 'yCoord': 39, 'zoneCode': 'N', 'playerId': 8468505, 'eventOwnerTeamId': 19}",
538,"{'number': 3, 'periodType': 'REG', 'maxRegulationPeriods': 3}",13:42,06:18,1551,,503,hit,642,"{'xCoord': 97, 'yCoord': 5, 'zoneCode': 'O', 'eventOwnerTeamId': 19, 'hittingPlayerId': 8468505, 'hitteePlayerId': 8476807}",
539,"{'number': 3, 'periodType': 'REG', 'maxRegulationPeriods': 3}",14:43,05:17,1551,,516,stoppage,647,{'reason': 'icing'},
635,"{'number': 3, 'periodType': 'REG', 'maxRegulationPeriods': 3}",14:43,05:17,1551,,502,faceoff,649,"{'eventOwnerTeamId': 28, 'losingPlayerId': 8470654, 'winningPlayerId': 8466138, 'xCoord': -68, 'yCoord': -23, 'zoneCode': 'O'}",
636,"{'number': 3, 'periodType': 'REG', 'maxRegulationPeriods': 3}",14:50,05:10,1551,,508,blocked-shot,650,"{'xCoord': -51, 'yCoord': -12, 'zoneCode': 'D', 'blockingPlayerId': 8471817, 'shootingPlayerId': 8476881, 'eventOwnerTeamId': 28}",
637,"{'number': 3, 'periodType': 'REG', 'maxRegulationPeriods': 3}",14:54,05:06,1551,,508,blocked-shot,651,"{'xCoord': -45, 'yCoord': 16, 'zoneCode': 'D', 'blockingPlayerId': 8467890, 'shootingPlayerId': 8474027, 'eventOwnerTeamId': 28}",
540,"{'number': 3, 'periodType': 'REG', 'maxRegulationPeriods': 3}",14:56,05:04,1551,,516,stoppage,652,"{'reason': 'goalie-stopped-after-sog', 'secondaryReason': 'tv-timeout'}",
638,"{'number': 3, 'periodType': 'REG', 'maxRegulationPeriods': 3}",14:55,05:05,1551,,506,shot-on-goal,653,"{'xCoord': -69, 'yCoord': -1, 'zoneCode': 'O', 'shotType': 'wrist', 'shootingPlayerId': 8476881, 'goalieInNetId': 8474596, 'eventOwnerTeamId': 28, 'awaySOG': 18, 'homeSOG': 25}",
639,"{'number': 3, 'periodType': 'REG', 'maxRegulationPeriods': 3}",14:56,05:04,1551,,502,faceoff,656,"{'eventOwnerTeamId': 28, 'losingPlayerId': 8468505, 'winningPlayerId': 8470794, 'xCoord': -69, 'yCoord': 22, 'zoneCode': 'O'}",
541,"{'number': 3, 'periodType': 'REG', 'maxRegulationPeriods': 3}",15:03,04:57,1551,,525,takeaway,657,"{'xCoord': -67, 'yCoord': -33, 'zoneCode': 'O', 'playerId': 8466138, 'eventOwnerTeamId': 28}",
542,"{'number': 3, 'periodType': 'REG', 'maxRegulationPeriods': 3}",15:12,04:48,1551,,516,stoppage,658,{'reason': 'goalie-stopped-after-sog'},
640,"{'number': 3, 'periodType': 'REG', 'maxRegulationPeriods': 3}",15:11,04:49,1551,,507,missed-shot,659,"{'xCoord': -62, 'yCoord': 5, 'zoneCode': 'O', 'reason': 'wide-of-net', 'shotType': 'tip-in', 'shootingPlayerId': 8476881, 'goalieInNetId': 8474596, 'eventOwnerTeamId': 28}",
641,"{'number': 3, 'periodType': 'REG', 'maxRegulationPeriods': 3}",15:12,04:48,1551,,502,faceoff,661,"{'eventOwnerTeamId': 28, 'losingPlayerId': 8468505, 'winningPlayerId': 8474053, 'xCoord': -69, 'yCoord': 23, 'zoneCode': 'O'}",
642,"{'number': 3, 'periodType': 'REG', 'maxRegulationPeriods': 3}",15:19,04:41,1551,,506,shot-on-goal,662,"{'xCoord': -69, 'yCoord': -10, 'zoneCode': 'O', 'shotType': 'wrist', 'shootingPlayerId': 8474739, 'goalieInNetId': 8474596, 'eventOwnerTeamId': 28, 'awaySOG': 18, 'homeSOG': 26}",
643,"{'number': 3, 'periodType': 'REG', 'maxRegulationPeriods': 3}",15:50,04:10,1551,,507,missed-shot,664,"{'xCoord': -45, 'yCoord': -23, 'zoneCode': 'O', 'reason': 'wide-of-net', 'shotType': 'wrist', 'shootingPlayerId': 8471709, 'goalieInNetId': 8474596, 'eventOwnerTeamId': 28}",
543,"{'number': 3, 'periodType': 'REG', 'maxRegulationPeriods': 3}",16:01,03:59,1551,,504,giveaway,667,"{'xCoord': -33, 'yCoord': 35, 'zoneCode': 'O', 'eventOwnerTeamId': 28, 'playerId': 8474053}",
544,"{'number': 3, 'periodType': 'REG', 'maxRegulationPeriods': 3}",16:35,03:25,1551,,525,takeaway,670,"{'xCoord': -97, 'yCoord': 2, 'zoneCode': 'D', 'playerId': 8474031, 'eventOwnerTeamId': 19}",
545,"{'number': 3, 'periodType': 'REG', 'maxRegulationPeriods': 3}",16:43,03:17,1551,,503,hit,671,"{'xCoord': 97, 'yCoord': 20, 'zoneCode': 'O', 'eventOwnerTeamId': 19, 'hittingPlayerId': 8476436, 'hitteePlayerId': 8466158}",
546,"{'number': 3, 'periodType': 'REG', 'maxRegulationPeriods': 3}",16:49,03:11,1551,,525,takeaway,673,"{'xCoord': 37, 'yCoord': 20, 'zoneCode': 'O', 'playerId': 8471669, 'eventOwnerTeamId': 19}",
547,"{'number': 3, 'periodType': 'REG', 'maxRegulationPeriods': 3}",16:59,03:01,1551,,503,hit,676,"{'xCoord': 47, 'yCoord': -38, 'zoneCode': 'D', 'eventOwnerTeamId': 28, 'hittingPlayerId': 8476624, 'hitteePlayerId': 8474627}",
548,"{'number': 3, 'periodType': 'REG', 'maxRegulationPeriods': 3}",17:12,02:48,1551,,504,giveaway,678,"{'xCoord': -69, 'yCoord': 39, 'zoneCode': 'D', 'eventOwnerTeamId': 19, 'playerId': 8470151}",
549,"{'number': 3, 'periodType': 'REG', 'maxRegulationPeriods': 3}",17:19,02:41,1551,,503,hit,679,"{'xCoord': -71, 'yCoord': -38, 'zoneCode': 'D', 'eventOwnerTeamId': 19, 'hittingPlayerId': 8475765, 'hitteePlayerId': 8476881}",
550,"{'number': 3, 'periodType': 'REG', 'maxRegulationPeriods': 3}",17:31,02:29,1551,,504,giveaway,680,"{'xCoord': -55, 'yCoord': 37, 'zoneCode': 'O', 'eventOwnerTeamId': 28, 'playerId': 8466138}",
801,"{'number': 3, 'periodType': 'REG', 'maxRegulationPeriods': 3}",17:35,02:25,1551,,503,hit,681,"{'xCoord': -9, 'yCoord': -40, 'zoneCode': 'N', 'eventOwnerTeamId': 28, 'hittingPlayerId': 8471709, 'hitteePlayerId': 8475765}",
802,"{'number': 3, 'periodType': 'REG', 'maxRegulationPeriods': 3}",17:42,02:18,1551,,504,giveaway,684,"{'xCoord': 29, 'yCoord': 35, 'zoneCode': 'O', 'eventOwnerTeamId': 19, 'playerId': 8470257}",
803,"{'number': 3, 'periodType': 'REG', 'maxRegulationPeriods': 3}",17:46,02:14,1551,,525,takeaway,687,"{'xCoord': 68, 'yCoord': 38, 'zoneCode': 'O', 'playerId': 8470655, 'eventOwnerTeamId': 19}",
644,"{'number': 3, 'periodType': 'REG', 'maxRegulationPeriods': 3}",18:09,01:51,1551,,507,missed-shot,689,"{'xCoord': 36, 'yCoord': 35, 'zoneCode': 'O', 'reason': 'wide-of-net', 'shotType': 'slap', 'shootingPlayerId': 8467890, 'goalieInNetId': 8474550, 'eventOwnerTeamId': 19}",
804,"{'number': 3, 'periodType': 'REG', 'maxRegulationPeriods': 3}",18:13,01:47,1551,,503,hit,690,"{'xCoord': 45, 'yCoord': -39, 'zoneCode': 'D', 'eventOwnerTeamId': 28, 'hittingPlayerId': 8476881, 'hitteePlayerId': 8470655}",
805,"{'number': 3, 'periodType': 'REG', 'maxRegulationPeriods': 3}",18:26,01:34,1551,,525,takeaway,694,"{'xCoord': 99, 'yCoord': -7, 'zoneCode': 'D', 'playerId': 8474053, 'eventOwnerTeamId': 28}",
645,"{'number': 3, 'periodType': 'REG', 'maxRegulationPeriods': 3}",18:53,01:07,1560,,508,blocked-shot,700,"{'xCoord': -81, 'yCoord': 5, 'zoneCode': 'D', 'blockingPlayerId': 8474031, 'shootingPlayerId': 8466139, 'eventOwnerTeamId': 28}",
646,"{'number': 3, 'periodType': 'REG', 'maxRegulationPeriods': 3}",19:39,00:21,1560,,505,goal,706,"{'xCoord': -37, 'yCoord': -31, 'zoneCode': 'O', 'shotType': 'wrist', 'scoringPlayerId': 8471709, 'scoringPlayerTotal': 4, 'assist1PlayerId': 8466138, 'assist1PlayerTotal': 21, 'assist2PlayerId': 8477922, 'assist2PlayerTotal': 4, 'eventOwnerTeamId': 28, 'goalieInNetId': 8474596, 'awayScore': 2, 'homeScore': 2}",
647,"{'number': 3, 'periodType': 'REG', 'maxRegulationPeriods': 3}",19:39,00:21,1551,,502,faceoff,709,"{'eventOwnerTeamId': 28, 'losingPlayerId': 8470655, 'winningPlayerId': 8474053, 'xCoord': 0, 'yCoord': 0, 'zoneCode': 'N'}",
807,"{'number': 3, 'periodType': 'REG', 'maxRegulationPeriods': 3}",19:57,00:03,1551,,503,hit,710,"{'xCoord': 97, 'yCoord': 5, 'zoneCode': 'O', 'eventOwnerTeamId': 19, 'hittingPlayerId': 8468505, 'hitteePlayerId': 8474027}",
648,"{'number': 3, 'periodType': 'REG', 'maxRegulationPeriods': 3}",20:00,00:00,,,521,period-end,711,,
753,"{'number': 4, 'periodType': 'OT', 'maxRegulationPeriods': 3}",00:00,05:00,,,520,period-start,717,,
754,"{'number': 4, 'periodType': 'OT', 'maxRegulationPeriods': 3}",00:00,05:00,1441,,502,faceoff,719,"{'eventOwnerTeamId': 19, 'losingPlayerId': 8466139, 'winningPlayerId': 8470655, 'xCoord': 0, 'yCoord': 0, 'zoneCode': 'N'}",
808,"{'number': 4, 'periodType': 'OT', 'maxRegulationPeriods': 3}",00:17,04:43,1441,,503,hit,720,"{'xCoord': 93, 'yCoord': 17, 'zoneCode': 'D', 'eventOwnerTeamId': 28, 'hittingPlayerId': 8466139, 'hitteePlayerId': 8470655}",
809,"{'number': 4, 'periodType': 'OT', 'maxRegulationPeriods': 3}",00:24,04:36,1441,,504,giveaway,721,"{'xCoord': -22, 'yCoord': 22, 'zoneCode': 'N', 'eventOwnerTeamId': 19, 'playerId': 8474565}",
755,"{'number': 4, 'periodType': 'OT', 'maxRegulationPeriods': 3}",00:40,04:20,1441,,508,blocked-shot,726,"{'xCoord': -34, 'yCoord': -26, 'zoneCode': 'D', 'blockingPlayerId': 8470613, 'shootingPlayerId': 8474031, 'eventOwnerTeamId': 19}",
756,"{'number': 4, 'periodType': 'OT', 'maxRegulationPeriods': 3}",00:32,04:28,1441,,508,blocked-shot,728,"{'xCoord': -48, 'yCoord': -19, 'zoneCode': 'D', 'blockingPlayerId': 8475455, 'shootingPlayerId': 8470257, 'eventOwnerTeamId': 19}",
810,"{'number': 4, 'periodType': 'OT', 'maxRegulationPeriods': 3}",00:59,04:01,1441,,525,takeaway,729,"{'xCoord': -68, 'yCoord': 33, 'zoneCode': 'D', 'playerId': 8475765, 'eventOwnerTeamId': 19}",
811,"{'number': 4, 'periodType': 'OT', 'maxRegulationPeriods': 3}",01:26,03:34,1441,,503,hit,735,"{'xCoord': 24, 'yCoord': 35, 'zoneCode': 'N', 'eventOwnerTeamId': 19, 'hittingPlayerId': 8473534, 'hitteePlayerId': 8474739}",
812,"{'number': 4, 'periodType': 'OT', 'maxRegulationPeriods': 3}",01:32,03:28,1441,,503,hit,736,"{'xCoord': 27, 'yCoord': 36, 'zoneCode': 'D', 'eventOwnerTeamId': 28, 'hittingPlayerId': 8474739, 'hitteePlayerId': 8473534}",
813,"{'number': 4, 'periodType': 'OT', 'maxRegulationPeriods': 3}",01:37,03:23,1441,,516,stoppage,737,{'reason': 'offside'},
757,"{'number': 4, 'periodType': 'OT', 'maxRegulationPeriods': 3}",01:37,03:23,1441,,502,faceoff,740,"{'eventOwnerTeamId': 28, 'losingPlayerId': 8471669, 'winningPlayerId': 8473536, 'xCoord': 0, 'yCoord': 0, 'zoneCode': 'N'}",
814,"{'number': 4, 'periodType': 'OT', 'maxRegulationPeriods': 3}",02:06,02:54,1441,,516,stoppage,741,{'reason': 'goalie-stopped-after-sog'},
758,"{'number': 4, 'periodType': 'OT', 'maxRegulationPeriods': 3}",02:06,02:54,1441,,502,faceoff,744,"{'eventOwnerTeamId': 28, 'losingPlayerId': 8470257, 'winningPlayerId': 8470794, 'xCoord': 69, 'yCoord': -22, 'zoneCode': 'O'}",
759,"{'number': 4, 'periodType': 'OT', 'maxRegulationPeriods': 3}",02:36,02:24,1441,,508,blocked-shot,745,"{'xCoord': -78, 'yCoord': 37, 'zoneCode': 'O', 'blockingPlayerId': 8470655, 'shootingPlayerId': 8474053, 'eventOwnerTeamId': 28}",
760,"{'number': 4, 'periodType': 'OT', 'maxRegulationPeriods': 3}",02:51,02:09,1441,,507,missed-shot,749,"{'xCoord': -75, 'yCoord': 20, 'zoneCode': 'O', 'reason': 'over-net', 'shotType': 'wrist', 'shootingPlayerId': 8474565, 'goalieInNetId': 8474550, 'eventOwnerTeamId': 19}",
816,"{'number': 4, 'periodType': 'OT', 'maxRegulationPeriods': 3}",02:54,02:06,1441,,516,stoppage,750,{'reason': 'puck-in-netting'},
761,"{'number': 4, 'periodType': 'OT', 'maxRegulationPeriods': 3}",02:54,02:06,1441,,502,faceoff,754,"{'eventOwnerTeamId': 19, 'losingPlayerId': 8466138, 'winningPlayerId': 8474627, 'xCoord': -69, 'yCoord': 21, 'zoneCode': 'O'}",
817,"{'number': 4, 'periodType': 'OT', 'maxRegulationPeriods': 3}",03:31,01:29,1441,,516,stoppage,757,{'reason': 'goalie-stopped-after-sog'},
762,"{'number': 4, 'periodType': 'OT', 'maxRegulationPeriods': 3}",03:30,01:30,1441,,506,shot-on-goal,758,"{'xCoord': 72, 'yCoord': -13, 'zoneCode': 'O', 'shotType': 'wrist', 'shootingPlayerId': 8466139, 'goalieInNetId': 8474596, 'eventOwnerTeamId': 28, 'awaySOG': 18, 'homeSOG': 27}",
763,"{'number': 4, 'periodType': 'OT', 'maxRegulationPeriods': 3}",03:31,01:29,1441,,502,faceoff,761,"{'eventOwnerTeamId': 19, 'losingPlayerId': 8470794, 'winningPlayerId': 8470257, 'xCoord': 67, 'yCoord': -22, 'zoneCode': 'D'}",
818,"{'number': 4, 'periodType': 'OT', 'maxRegulationPeriods': 3}",03:50,01:10,1441,,504,giveaway,762,"{'xCoord': 31, 'yCoord': 23, 'zoneCode': 'O', 'eventOwnerTeamId': 28, 'playerId': 8470794}",
819,"{'number': 4, 'periodType': 'OT', 'maxRegulationPeriods': 3}",03:55,01:05,1441,,504,giveaway,763,"{'xCoord': -23, 'yCoord': -15, 'zoneCode': 'N', 'eventOwnerTeamId': 19, 'playerId': 8470257}",
820,"{'number': 4, 'periodType': 'OT', 'maxRegulationPeriods': 3}",03:57,01:03,1441,,509,penalty,764,"{'xCoord': -30, 'yCoord': -18, 'zoneCode': 'O', 'typeCode': 'MIN', 'descKey': 'tripping', 'duration': 2, 'committedByPlayerId': 8470257, 'drawnByPlayerId': 8470794, 'eventOwnerTeamId': 19}",
822,"{'number': 4, 'periodType': 'OT', 'maxRegulationPeriods': 3}",03:57,01:03,1341,,516,stoppage,767,"{'reason': 'visitor-timeout', 'secondaryReason': 'visitor-timeout'}",
764,"{'number': 4, 'periodType': 'OT', 'maxRegulationPeriods': 3}",03:57,01:03,1341,,502,faceoff,769,"{'eventOwnerTeamId': 28, 'losingPlayerId': 8470655, 'winningPlayerId': 8470794, 'xCoord': 69, 'yCoord': -23, 'zoneCode': 'O'}",
765,"{'number': 4, 'periodType': 'OT', 'maxRegulationPeriods': 3}",04:06,00:54,1341,,507,missed-shot,770,"{'xCoord': 56, 'yCoord': 15, 'zoneCode': 'O', 'reason': 'wide-of-net', 'shotType': 'wrist', 'shootingPlayerId': 8466139, 'goalieInNetId': 8474596, 'eventOwnerTeamId': 28}",
766,"{'number': 4, 'periodType': 'OT', 'maxRegulationPeriods': 3}",04:22,00:38,1341,,505,goal,771,"{'xCoord': 55, 'yCoord': -1, 'zoneCode': 'O', 'shotType': 'wrist', 'scoringPlayerId': 8470613, 'scoringPlayerTotal': 10, 'assist1PlayerId': 8470794, 'assist1PlayerTotal': 13, 'assist2PlayerId': 8474053, 'assist2PlayerTotal': 16, 'eventOwnerTeamId': 28, 'goalieInNetId': 8474596, 'awayScore': 2, 'homeScore': 3}",
767,"{'number': 4, 'periodType': 'OT', 'maxRegulationPeriods': 3}",04:22,00:38,,,521,period-end,772,,
771,"{'number': 4, 'periodType': 'OT', 'maxRegulationPeriods': 3}",04:22,00:38,,,524,game-end,776,,
